item,label
i0257,1
i1499,0
i1442,1
i1867,1
i1881,1
i0525,1
i0397,1
i1245,0
i0428,0
i1085,1
i0498,0
i0542,0
i1575,0
i0583,0
i1714,0
i1680,0
i1961,1
i0098,0
i0243,1
i0858,1
i0213,0
i0937,0
i0276,0
i0314,1
i0058,1
i1378,0
i1577,0
i0836,0
i0153,0
i1772,0
i0802,1
i0368,1
i1699,0
i1155,0
i0401,1
i1355,0
i0723,0
i0585,1
i0823,0
i0978,1
i0869,1
i0751,0
i1190,1
i1708,0
i0330,0
i0196,0
i0466,0
i0238,0
i0110,0
i1039,1
i1535,0
i0223,1
i1949,0
i0144,0
i1932,0
i0135,1
i1681,0
i0349,0
i1203,0
i1370,1
i1451,1
i1660,1
i0064,1
i1782,1
i1043,0
i0456,1
i1030,1
i1570,0
i1227,1
i0350,0
i1262,0
i0302,1
i1672,1
i0242,0
i1229,0
i0361,1
i0681,1
i0601,0
i1825,0
i1842,1
i0889,1
i1502,0
i1934,0
i0946,0
i1377,1
i1490,0
i0379,0
i1255,1
i0763,0
i0725,0
i0071,0
i1214,0
i0533,0
i0159,0
i0982,1
i1015,0
i1852,0
i1452,1
i0328,0
i1844,1
i0419,0
i0667,0
i1296,1
i0859,0
i1174,1
i1678,0
i0424,1
i1460,0
i0012,1
i0794,1
i1964,0
i0015,0
i1373,0
i1166,0
i0367,0
i1771,0
i0549,0
i0351,0
i0749,1
i0260,1
i0944,0
i0594,0
i1752,0
i1923,0
i1033,1
i0376,0
i1299,0
i0767,1
i0108,0
i1192,0
i1304,1
i0609,0
i0833,0
i1616,0
i1013,0
i1136,0
i1785,0
i0197,0
i0407,1
i0014,1
i1564,1
i0638,0
i1380,0
i1488,1
i1737,0
i1022,0
i1655,1
i0445,0
i0657,1
i1425,0
i0087,0
i1074,0
i1593,1
i1550,0
i0082,1
i1868,1
i1300,0
i0396,1
i0066,1
i0446,0
i1527,0
i0670,0
i0483,0
i1343,1
i1597,0
i1909,0
i0850,0
i0665,1
i1580,1
i1239,1
i1160,1
i1025,1
i1421,0
i0369,0
i0785,0
i1767,0
i1474,1
i1539,1
i0273,1
i0385,1
i0896,1
i0492,0
i1461,0
i1594,0
i0584,1
i0076,0
i0240,0
i0119,0
i0793,1
i1565,0
i1284,1
i0493,0
i1968,0
i1336,0
i0861,1
i1646,1
i1758,0
i0025,0
i1491,0
i1248,0
