item,rater,label,type
i0000,r01,1,A
i0000,r09,1,A
i0000,r03,1,A
i0001,r05,1,A
i0001,r06,1,A
i0001,r11,1,A
i0002,r05,0,A
i0002,r02,0,A
i0002,r01,0,A
i0003,r06,0,B
i0003,r09,0,B
i0003,r10,0,B
i0004,r03,0,A
i0004,r09,1,A
i0004,r02,1,A
i0005,r11,1,A
i0005,r02,1,A
i0005,r06,1,A
i0006,r03,0,B
i0006,r04,0,B
i0006,r05,0,B
i0007,r04,1,A
i0007,r09,1,A
i0007,r03,1,A
i0008,r09,0,A
i0008,r01,0,A
i0008,r11,0,A
i0009,r08,0,A
i0009,r11,0,A
i0009,r06,0,A
i0010,r11,0,A
i0010,r02,0,A
i0010,r10,0,A
i0011,r07,1,A
i0011,r01,1,A
i0011,r10,1,A
i0012,r08,1,A
i0012,r10,1,A
i0012,r11,1,A
i0013,r02,0,A
i0013,r09,0,A
i0013,r11,0,A
i0014,r08,0,A
i0014,r11,1,A
i0014,r04,0,A
i0015,r02,0,A
i0015,r07,0,A
i0015,r10,0,A
i0016,r09,1,A
i0016,r05,1,A
i0016,r04,1,A
i0017,r02,1,A
i0017,r01,1,A
i0017,r05,1,A
i0018,r02,0,A
i0018,r07,0,A
i0018,r09,0,A
i0019,r06,0,A
i0019,r08,0,A
i0019,r01,0,A
i0020,r10,0,B
i0020,r02,0,B
i0020,r01,0,B
i0021,r07,1,B
i0021,r11,0,B
i0021,r05,1,B
i0022,r03,1,A
i0022,r07,1,A
i0022,r09,1,A
i0023,r04,1,B
i0023,r08,1,B
i0023,r05,1,B
i0024,r11,1,B
i0024,r09,1,B
i0024,r08,1,B
i0025,r02,0,A
i0025,r10,0,A
i0025,r09,0,A
i0026,r03,1,A
i0026,r02,1,A
i0026,r04,1,A
i0027,r09,1,A
i0027,r08,1,A
i0027,r07,1,A
i0028,r02,0,A
i0028,r04,1,A
i0028,r08,0,A
i0029,r06,0,A
i0029,r08,0,A
i0029,r07,0,A
i0030,r04,1,A
i0030,r06,1,A
i0030,r08,1,A
i0031,r10,0,B
i0031,r05,0,B
i0031,r08,0,B
i0032,r11,1,B
i0032,r05,0,B
i0032,r01,0,B
i0033,r05,0,B
i0033,r04,0,B
i0033,r06,0,B
i0034,r07,1,A
i0034,r06,1,A
i0034,r09,1,A
i0035,r04,1,B
i0035,r06,1,B
i0035,r08,1,B
i0036,r10,1,A
i0036,r05,1,A
i0036,r06,1,A
i0037,r07,0,B
i0037,r03,0,B
i0037,r01,1,B
i0038,r04,1,A
i0038,r07,1,A
i0038,r11,1,A
i0039,r09,0,B
i0039,r04,0,B
i0039,r11,0,B
i0040,r03,0,A
i0040,r05,1,A
i0040,r09,1,A
i0041,r10,0,A
i0041,r03,0,A
i0041,r07,0,A
i0042,r11,1,A
i0042,r10,1,A
i0042,r07,1,A
i0043,r05,0,A
i0043,r04,0,A
i0043,r09,0,A
i0044,r11,1,A
i0044,r03,1,A
i0044,r01,1,A
i0045,r11,1,A
i0045,r06,1,A
i0045,r10,1,A
i0046,r11,0,B
i0046,r06,1,B
i0046,r07,0,B
i0047,r11,0,A
i0047,r05,0,A
i0047,r08,0,A
i0048,r06,1,A
i0048,r02,1,A
i0048,r03,1,A
i0049,r07,0,A
i0049,r11,0,A
i0049,r06,0,A
i0050,r10,0,A
i0050,r11,0,A
i0050,r03,0,A
i0051,r10,1,A
i0051,r01,1,A
i0051,r04,1,A
i0052,r02,1,B
i0052,r11,0,B
i0052,r03,0,B
i0053,r08,1,A
i0053,r11,1,A
i0053,r04,1,A
i0054,r10,0,A
i0054,r01,0,A
i0054,r03,0,A
i0055,r09,1,B
i0055,r05,1,B
i0055,r11,1,B
i0056,r11,0,A
i0056,r10,0,A
i0056,r02,0,A
i0057,r01,1,A
i0057,r04,1,A
i0057,r09,1,A
i0058,r05,1,A
i0058,r07,1,A
i0058,r10,1,A
i0059,r01,0,A
i0059,r03,0,A
i0059,r06,0,A
i0060,r07,1,A
i0060,r10,1,A
i0060,r04,1,A
i0061,r03,1,A
i0061,r02,1,A
i0061,r06,1,A
i0062,r06,0,A
i0062,r09,0,A
i0062,r02,0,A
i0063,r04,0,B
i0063,r10,0,B
i0063,r05,0,B
i0064,r02,1,A
i0064,r08,1,A
i0064,r05,1,A
i0065,r11,1,B
i0065,r09,0,B
i0065,r03,1,B
i0066,r01,1,A
i0066,r06,1,A
i0066,r02,1,A
i0067,r11,0,B
i0067,r06,0,B
i0067,r07,0,B
i0068,r06,1,A
i0068,r01,1,A
i0068,r08,1,A
i0069,r04,1,B
i0069,r07,0,B
i0069,r09,1,B
i0070,r01,1,A
i0070,r10,1,A
i0070,r04,1,A
i0071,r05,0,A
i0071,r08,0,A
i0071,r02,0,A
i0072,r09,0,A
i0072,r03,0,A
i0072,r04,0,A
i0073,r08,1,A
i0073,r11,1,A
i0073,r05,1,A
i0074,r06,1,B
i0074,r11,1,B
i0074,r04,1,B
i0075,r09,1,A
i0075,r03,1,A
i0075,r01,1,A
i0076,r11,0,A
i0076,r03,0,A
i0076,r10,0,A
i0077,r10,0,A
i0077,r03,0,A
i0077,r04,0,A
i0078,r03,0,A
i0078,r01,0,A
i0078,r06,0,A
i0079,r10,1,B
i0079,r01,1,B
i0079,r09,1,B
i0080,r10,0,B
i0080,r09,0,B
i0080,r05,0,B
i0081,r09,1,A
i0081,r08,1,A
i0081,r05,1,A
i0082,r05,1,A
i0082,r10,1,A
i0082,r07,1,A
i0083,r02,0,B
i0083,r09,0,B
i0083,r07,0,B
i0084,r06,1,A
i0084,r09,0,A
i0084,r05,0,A
i0085,r10,0,A
i0085,r11,0,A
i0085,r09,0,A
i0086,r03,0,A
i0086,r08,0,A
i0086,r04,0,A
i0087,r09,0,A
i0087,r08,0,A
i0087,r06,0,A
i0088,r07,1,A
i0088,r04,1,A
i0088,r11,1,A
i0089,r10,1,B
i0089,r01,1,B
i0089,r07,1,B
i0090,r08,1,B
i0090,r05,1,B
i0090,r02,1,B
i0091,r09,1,A
i0091,r06,1,A
i0091,r04,1,A
i0092,r03,1,A
i0092,r11,1,A
i0092,r05,1,A
i0093,r03,0,A
i0093,r05,0,A
i0093,r01,0,A
i0094,r04,0,A
i0094,r10,0,A
i0094,r02,0,A
i0095,r09,1,A
i0095,r11,1,A
i0095,r07,1,A
i0096,r08,0,B
i0096,r07,0,B
i0096,r01,1,B
i0097,r07,1,A
i0097,r08,1,A
i0097,r01,1,A
i0098,r08,0,B
i0098,r10,0,B
i0098,r05,0,B
i0099,r03,0,B
i0099,r07,0,B
i0099,r04,1,B
i0100,r10,0,A
i0100,r02,0,A
i0100,r06,0,A
i0101,r01,0,A
i0101,r07,0,A
i0101,r02,1,A
i0102,r04,1,A
i0102,r05,1,A
i0102,r08,1,A
i0103,r09,0,A
i0103,r10,0,A
i0103,r03,0,A
i0104,r05,0,A
i0104,r04,0,A
i0104,r02,0,A
i0105,r09,0,A
i0105,r08,0,A
i0105,r07,0,A
i0106,r10,1,A
i0106,r01,1,A
i0106,r03,1,A
i0107,r09,1,A
i0107,r01,1,A
i0107,r03,1,A
i0108,r08,0,A
i0108,r07,0,A
i0108,r05,0,A
i0109,r10,0,A
i0109,r01,0,A
i0109,r05,0,A
i0110,r04,0,A
i0110,r06,0,A
i0110,r01,0,A
i0111,r04,0,A
i0111,r06,0,A
i0111,r05,0,A
i0112,r05,0,B
i0112,r09,0,B
i0112,r01,0,B
i0113,r11,1,A
i0113,r09,1,A
i0113,r06,1,A
i0114,r10,1,B
i0114,r09,1,B
i0114,r03,1,B
i0115,r05,0,A
i0115,r07,0,A
i0115,r08,0,A
i0116,r09,0,A
i0116,r04,0,A
i0116,r11,0,A
i0117,r04,1,B
i0117,r08,0,B
i0117,r09,0,B
i0118,r10,0,A
i0118,r06,1,A
i0118,r04,1,A
i0119,r11,0,A
i0119,r09,0,A
i0119,r07,0,A
i0120,r03,1,B
i0120,r08,0,B
i0120,r07,1,B
i0121,r01,0,A
i0121,r08,0,A
i0121,r09,0,A
i0122,r05,1,A
i0122,r03,1,A
i0122,r07,0,A
i0123,r03,0,A
i0123,r06,0,A
i0123,r04,0,A
i0124,r08,0,A
i0124,r09,1,A
i0124,r03,0,A
i0125,r03,1,B
i0125,r09,0,B
i0125,r11,0,B
i0126,r07,0,B
i0126,r10,0,B
i0126,r01,0,B
i0127,r07,0,A
i0127,r05,0,A
i0127,r02,0,A
i0128,r09,0,B
i0128,r01,0,B
i0128,r06,0,B
i0129,r08,0,A
i0129,r01,0,A
i0129,r02,0,A
i0130,r11,0,A
i0130,r05,0,A
i0130,r03,0,A
i0131,r07,1,A
i0131,r01,1,A
i0131,r11,1,A
i0132,r06,0,A
i0132,r09,0,A
i0132,r04,0,A
i0133,r02,0,A
i0133,r07,1,A
i0133,r06,0,A
i0134,r11,1,A
i0134,r01,0,A
i0134,r05,1,A
i0135,r09,1,A
i0135,r03,1,A
i0135,r05,1,A
i0136,r03,0,A
i0136,r08,0,A
i0136,r06,0,A
i0137,r04,0,A
i0137,r08,0,A
i0137,r11,0,A
i0138,r09,1,A
i0138,r04,1,A
i0138,r07,1,A
i0139,r11,1,A
i0139,r07,1,A
i0139,r02,1,A
i0140,r06,0,A
i0140,r08,0,A
i0140,r03,0,A
i0141,r09,1,A
i0141,r05,1,A
i0141,r06,1,A
i0142,r07,0,A
i0142,r09,0,A
i0142,r03,0,A
i0143,r01,1,A
i0143,r03,1,A
i0143,r04,1,A
i0144,r05,0,A
i0144,r10,0,A
i0144,r06,0,A
i0145,r07,0,A
i0145,r04,1,A
i0145,r11,0,A
i0146,r08,1,B
i0146,r03,1,B
i0146,r10,1,B
i0147,r07,1,A
i0147,r02,1,A
i0147,r05,1,A
i0148,r09,1,A
i0148,r04,1,A
i0148,r02,1,A
i0149,r04,0,A
i0149,r09,0,A
i0149,r06,0,A
i0150,r11,1,A
i0150,r10,1,A
i0150,r04,1,A
i0151,r02,0,A
i0151,r09,0,A
i0151,r04,0,A
i0152,r01,0,A
i0152,r06,0,A
i0152,r11,0,A
i0153,r10,0,A
i0153,r06,0,A
i0153,r04,0,A
i0154,r08,0,A
i0154,r06,0,A
i0154,r09,0,A
i0155,r02,1,A
i0155,r11,1,A
i0155,r04,1,A
i0156,r02,0,A
i0156,r01,0,A
i0156,r06,0,A
i0157,r06,1,A
i0157,r11,1,A
i0157,r01,1,A
i0158,r03,0,B
i0158,r08,0,B
i0158,r04,1,B
i0159,r08,1,B
i0159,r05,1,B
i0159,r09,1,B
i0160,r08,1,B
i0160,r09,1,B
i0160,r10,1,B
i0161,r09,0,A
i0161,r11,0,A
i0161,r03,0,A
i0162,r05,1,A
i0162,r11,1,A
i0162,r06,1,A
i0163,r01,1,B
i0163,r02,1,B
i0163,r11,1,B
i0164,r03,1,A
i0164,r06,1,A
i0164,r01,1,A
i0165,r08,0,A
i0165,r02,0,A
i0165,r11,0,A
i0166,r06,0,A
i0166,r08,0,A
i0166,r04,0,A
i0167,r02,1,A
i0167,r10,1,A
i0167,r03,1,A
i0168,r06,1,A
i0168,r09,1,A
i0168,r10,1,A
i0169,r04,0,A
i0169,r10,0,A
i0169,r02,0,A
i0170,r07,1,A
i0170,r04,1,A
i0170,r05,1,A
i0171,r03,0,A
i0171,r08,0,A
i0171,r02,0,A
i0172,r09,0,A
i0172,r02,0,A
i0172,r05,0,A
i0173,r03,1,B
i0173,r04,1,B
i0173,r11,1,B
i0174,r05,0,B
i0174,r04,0,B
i0174,r08,0,B
i0175,r10,0,A
i0175,r02,0,A
i0175,r06,0,A
i0176,r11,1,A
i0176,r08,1,A
i0176,r03,1,A
i0177,r08,1,A
i0177,r09,1,A
i0177,r05,1,A
i0178,r10,1,A
i0178,r01,1,A
i0178,r07,1,A
i0179,r11,0,B
i0179,r10,0,B
i0179,r08,0,B
i0180,r02,0,A
i0180,r06,0,A
i0180,r04,0,A
i0181,r02,0,A
i0181,r10,0,A
i0181,r07,0,A
i0182,r02,0,A
i0182,r04,0,A
i0182,r07,0,A
i0183,r04,1,A
i0183,r01,1,A
i0183,r06,1,A
i0184,r05,1,A
i0184,r03,1,A
i0184,r09,1,A
i0185,r07,0,B
i0185,r06,0,B
i0185,r11,0,B
i0186,r09,0,B
i0186,r06,0,B
i0186,r08,0,B
i0187,r05,0,B
i0187,r08,0,B
i0187,r09,0,B
i0188,r01,1,A
i0188,r04,1,A
i0188,r10,1,A
i0189,r03,0,B
i0189,r01,0,B
i0189,r06,0,B
i0190,r06,1,B
i0190,r09,1,B
i0190,r04,0,B
i0191,r09,0,A
i0191,r01,0,A
i0191,r11,0,A
i0192,r03,1,B
i0192,r09,1,B
i0192,r11,1,B
i0193,r06,0,A
i0193,r01,0,A
i0193,r11,0,A
i0194,r01,0,B
i0194,r02,0,B
i0194,r09,0,B
i0195,r03,0,A
i0195,r11,0,A
i0195,r08,0,A
i0196,r06,0,B
i0196,r09,0,B
i0196,r01,0,B
i0197,r10,0,A
i0197,r05,0,A
i0197,r01,0,A
i0198,r04,0,A
i0198,r11,0,A
i0198,r06,0,A
i0199,r04,1,A
i0199,r01,1,A
i0199,r09,1,A
i0200,r09,1,A
i0200,r01,1,A
i0200,r02,1,A
i0201,r05,0,A
i0201,r03,0,A
i0201,r10,0,A
i0202,r03,0,A
i0202,r01,0,A
i0202,r09,1,A
i0203,r01,1,B
i0203,r10,0,B
i0203,r11,1,B
i0204,r11,0,A
i0204,r08,0,A
i0204,r07,0,A
i0205,r04,1,B
i0205,r10,1,B
i0205,r02,1,B
i0206,r02,1,A
i0206,r05,0,A
i0206,r03,0,A
i0207,r04,0,A
i0207,r09,0,A
i0207,r07,0,A
i0208,r10,1,A
i0208,r05,1,A
i0208,r03,1,A
i0209,r04,0,B
i0209,r11,1,B
i0209,r08,0,B
i0210,r05,1,A
i0210,r06,1,A
i0210,r11,1,A
i0211,r08,0,A
i0211,r04,0,A
i0211,r09,0,A
i0212,r04,0,B
i0212,r08,0,B
i0212,r03,0,B
i0213,r06,0,A
i0213,r07,0,A
i0213,r02,0,A
i0214,r05,1,A
i0214,r08,1,A
i0214,r09,1,A
i0215,r05,0,A
i0215,r07,0,A
i0215,r01,0,A
i0216,r02,0,A
i0216,r09,0,A
i0216,r07,0,A
i0217,r02,1,A
i0217,r08,1,A
i0217,r01,1,A
i0218,r11,0,B
i0218,r05,1,B
i0218,r01,1,B
i0219,r04,0,A
i0219,r01,0,A
i0219,r06,0,A
i0220,r09,1,A
i0220,r11,1,A
i0220,r03,1,A
i0221,r09,0,B
i0221,r11,1,B
i0221,r01,1,B
i0222,r02,1,A
i0222,r08,1,A
i0222,r04,1,A
i0223,r09,1,A
i0223,r04,1,A
i0223,r10,1,A
i0224,r09,1,A
i0224,r01,1,A
i0224,r10,1,A
i0225,r06,1,B
i0225,r08,1,B
i0225,r03,1,B
i0226,r11,0,A
i0226,r07,0,A
i0226,r10,0,A
i0227,r04,1,A
i0227,r02,1,A
i0227,r08,1,A
i0228,r11,1,A
i0228,r10,1,A
i0228,r06,1,A
i0229,r08,1,A
i0229,r11,0,A
i0229,r04,0,A
i0230,r06,0,A
i0230,r01,0,A
i0230,r08,0,A
i0231,r02,0,A
i0231,r09,0,A
i0231,r06,0,A
i0232,r11,1,A
i0232,r03,1,A
i0232,r04,1,A
i0233,r09,1,A
i0233,r10,1,A
i0233,r04,0,A
i0234,r11,1,B
i0234,r09,1,B
i0234,r05,1,B
i0235,r01,0,B
i0235,r10,0,B
i0235,r04,0,B
i0236,r05,0,A
i0236,r08,0,A
i0236,r11,0,A
i0237,r02,0,B
i0237,r04,0,B
i0237,r09,0,B
i0238,r06,0,A
i0238,r11,0,A
i0238,r08,0,A
i0239,r09,1,A
i0239,r10,1,A
i0239,r05,1,A
i0240,r10,0,A
i0240,r04,0,A
i0240,r08,0,A
i0241,r03,0,A
i0241,r01,0,A
i0241,r02,0,A
i0242,r01,0,A
i0242,r02,0,A
i0242,r04,0,A
i0243,r02,1,A
i0243,r03,1,A
i0243,r10,1,A
i0244,r07,1,B
i0244,r04,1,B
i0244,r02,1,B
i0245,r06,0,A
i0245,r11,0,A
i0245,r09,0,A
i0246,r07,0,B
i0246,r03,0,B
i0246,r04,0,B
i0247,r03,1,A
i0247,r05,1,A
i0247,r04,1,A
i0248,r08,0,A
i0248,r05,1,A
i0248,r11,0,A
i0249,r01,1,A
i0249,r06,1,A
i0249,r07,1,A
i0250,r07,1,A
i0250,r09,1,A
i0250,r08,1,A
i0251,r03,1,A
i0251,r06,1,A
i0251,r11,1,A
i0252,r03,0,B
i0252,r07,0,B
i0252,r02,0,B
i0253,r01,1,B
i0253,r04,1,B
i0253,r10,1,B
i0254,r07,0,A
i0254,r09,0,A
i0254,r01,0,A
i0255,r09,1,A
i0255,r03,0,A
i0255,r07,0,A
i0256,r08,1,B
i0256,r10,1,B
i0256,r09,1,B
i0257,r09,1,A
i0257,r06,1,A
i0257,r07,1,A
i0258,r02,0,A
i0258,r05,0,A
i0258,r11,0,A
i0259,r10,1,A
i0259,r03,1,A
i0259,r06,1,A
i0260,r07,1,B
i0260,r11,1,B
i0260,r02,1,B
i0261,r10,0,A
i0261,r07,0,A
i0261,r09,0,A
i0262,r01,1,B
i0262,r06,0,B
i0262,r04,0,B
i0263,r10,1,B
i0263,r11,1,B
i0263,r05,1,B
i0264,r03,1,B
i0264,r02,0,B
i0264,r09,1,B
i0265,r01,0,B
i0265,r05,1,B
i0265,r04,0,B
i0266,r09,0,A
i0266,r04,0,A
i0266,r11,0,A
i0267,r05,0,A
i0267,r02,0,A
i0267,r06,0,A
i0268,r02,0,A
i0268,r03,0,A
i0268,r01,0,A
i0269,r05,1,A
i0269,r09,1,A
i0269,r01,1,A
i0270,r08,0,A
i0270,r01,0,A
i0270,r07,0,A
i0271,r08,0,B
i0271,r07,0,B
i0271,r06,1,B
i0272,r07,1,A
i0272,r10,1,A
i0272,r11,1,A
i0273,r09,1,A
i0273,r06,0,A
i0273,r03,1,A
i0274,r06,1,A
i0274,r03,1,A
i0274,r01,1,A
i0275,r02,1,A
i0275,r05,1,A
i0275,r07,1,A
i0276,r11,1,B
i0276,r01,0,B
i0276,r07,0,B
i0277,r07,1,A
i0277,r10,1,A
i0277,r02,1,A
i0278,r09,1,A
i0278,r02,1,A
i0278,r01,0,A
i0279,r02,1,A
i0279,r06,1,A
i0279,r08,1,A
i0280,r04,0,A
i0280,r01,0,A
i0280,r11,0,A
i0281,r10,1,A
i0281,r04,0,A
i0281,r07,0,A
i0282,r09,1,B
i0282,r02,1,B
i0282,r07,0,B
i0283,r06,0,A
i0283,r10,1,A
i0283,r09,0,A
i0284,r05,1,A
i0284,r03,1,A
i0284,r06,1,A
i0285,r09,0,B
i0285,r07,0,B
i0285,r05,1,B
i0286,r11,1,A
i0286,r08,1,A
i0286,r06,1,A
i0287,r10,0,A
i0287,r07,0,A
i0287,r02,0,A
i0288,r10,0,A
i0288,r04,0,A
i0288,r02,0,A
i0289,r07,1,A
i0289,r09,0,A
i0289,r11,0,A
i0290,r11,1,B
i0290,r03,0,B
i0290,r08,1,B
i0291,r01,0,B
i0291,r03,1,B
i0291,r08,1,B
i0292,r08,1,A
i0292,r03,1,A
i0292,r01,1,A
i0293,r05,1,A
i0293,r04,1,A
i0293,r02,1,A
i0294,r05,0,A
i0294,r02,0,A
i0294,r06,0,A
i0295,r07,1,A
i0295,r09,1,A
i0295,r01,1,A
i0296,r02,1,A
i0296,r01,1,A
i0296,r06,1,A
i0297,r04,1,A
i0297,r06,1,A
i0297,r03,1,A
i0298,r03,0,A
i0298,r07,0,A
i0298,r02,0,A
i0299,r10,0,A
i0299,r03,0,A
i0299,r08,0,A
i0300,r01,0,A
i0300,r08,0,A
i0300,r03,0,A
i0301,r09,1,B
i0301,r02,0,B
i0301,r07,0,B
i0302,r01,1,A
i0302,r03,1,A
i0302,r11,1,A
i0303,r09,0,A
i0303,r04,0,A
i0303,r01,0,A
i0304,r11,0,A
i0304,r07,0,A
i0304,r09,0,A
i0305,r02,1,A
i0305,r05,0,A
i0305,r03,1,A
i0306,r05,1,A
i0306,r10,1,A
i0306,r08,1,A
i0307,r07,0,A
i0307,r01,0,A
i0307,r11,0,A
i0308,r01,1,B
i0308,r03,1,B
i0308,r06,0,B
i0309,r09,0,A
i0309,r11,0,A
i0309,r07,0,A
i0310,r08,1,A
i0310,r01,1,A
i0310,r04,0,A
i0311,r11,1,A
i0311,r01,1,A
i0311,r02,1,A
i0312,r03,0,A
i0312,r01,0,A
i0312,r07,0,A
i0313,r08,0,A
i0313,r09,0,A
i0313,r11,0,A
i0314,r02,1,A
i0314,r11,1,A
i0314,r01,1,A
i0315,r01,1,A
i0315,r07,1,A
i0315,r06,1,A
i0316,r02,0,A
i0316,r06,0,A
i0316,r03,0,A
i0317,r11,0,A
i0317,r06,0,A
i0317,r04,0,A
i0318,r05,1,B
i0318,r03,1,B
i0318,r02,1,B
i0319,r09,0,A
i0319,r06,1,A
i0319,r04,0,A
i0320,r05,1,A
i0320,r07,1,A
i0320,r06,1,A
i0321,r06,0,B
i0321,r02,1,B
i0321,r09,1,B
i0322,r05,1,A
i0322,r07,1,A
i0322,r09,1,A
i0323,r02,1,A
i0323,r04,1,A
i0323,r03,1,A
i0324,r07,0,A
i0324,r09,0,A
i0324,r05,0,A
i0325,r08,1,B
i0325,r10,1,B
i0325,r09,1,B
i0326,r06,1,B
i0326,r03,0,B
i0326,r07,1,B
i0327,r09,0,A
i0327,r03,0,A
i0327,r05,0,A
i0328,r09,0,B
i0328,r11,0,B
i0328,r04,0,B
i0329,r04,1,B
i0329,r10,0,B
i0329,r11,1,B
i0330,r11,0,A
i0330,r09,0,A
i0330,r08,0,A
i0331,r10,1,A
i0331,r04,1,A
i0331,r03,1,A
i0332,r11,0,A
i0332,r03,0,A
i0332,r01,0,A
i0333,r05,0,B
i0333,r02,0,B
i0333,r10,0,B
i0334,r08,1,A
i0334,r01,1,A
i0334,r04,1,A
i0335,r04,0,B
i0335,r09,1,B
i0335,r03,1,B
i0336,r05,0,A
i0336,r09,0,A
i0336,r06,0,A
i0337,r03,1,B
i0337,r02,1,B
i0337,r01,1,B
i0338,r02,1,A
i0338,r06,1,A
i0338,r09,1,A
i0339,r10,1,B
i0339,r09,0,B
i0339,r02,1,B
i0340,r10,0,A
i0340,r07,0,A
i0340,r09,0,A
i0341,r05,1,A
i0341,r07,1,A
i0341,r09,0,A
i0342,r08,1,A
i0342,r03,1,A
i0342,r07,1,A
i0343,r11,1,A
i0343,r08,1,A
i0343,r04,1,A
i0344,r08,1,B
i0344,r05,1,B
i0344,r11,1,B
i0345,r06,0,A
i0345,r02,0,A
i0345,r05,0,A
i0346,r08,0,A
i0346,r11,0,A
i0346,r10,0,A
i0347,r01,1,A
i0347,r03,1,A
i0347,r04,1,A
i0348,r06,0,B
i0348,r07,0,B
i0348,r11,0,B
i0349,r06,0,A
i0349,r04,0,A
i0349,r02,0,A
i0350,r05,0,B
i0350,r03,0,B
i0350,r10,0,B
i0351,r04,0,B
i0351,r08,1,B
i0351,r01,0,B
i0352,r11,0,B
i0352,r02,1,B
i0352,r06,1,B
i0353,r09,0,A
i0353,r05,0,A
i0353,r06,0,A
i0354,r04,0,B
i0354,r10,0,B
i0354,r01,1,B
i0355,r09,1,B
i0355,r01,0,B
i0355,r10,0,B
i0356,r09,1,A
i0356,r11,1,A
i0356,r02,1,A
i0357,r03,0,A
i0357,r04,0,A
i0357,r10,0,A
i0358,r03,0,B
i0358,r04,0,B
i0358,r07,0,B
i0359,r04,0,A
i0359,r03,0,A
i0359,r08,0,A
i0360,r10,0,A
i0360,r05,0,A
i0360,r11,0,A
i0361,r04,1,A
i0361,r01,1,A
i0361,r07,1,A
i0362,r05,0,A
i0362,r08,0,A
i0362,r02,0,A
i0363,r08,0,A
i0363,r10,0,A
i0363,r06,0,A
i0364,r09,1,A
i0364,r06,1,A
i0364,r07,1,A
i0365,r08,0,A
i0365,r11,0,A
i0365,r04,0,A
i0366,r11,0,A
i0366,r03,0,A
i0366,r02,1,A
i0367,r05,0,A
i0367,r08,0,A
i0367,r06,0,A
i0368,r07,1,A
i0368,r03,1,A
i0368,r09,1,A
i0369,r07,0,B
i0369,r04,0,B
i0369,r02,0,B
i0370,r02,1,B
i0370,r09,0,B
i0370,r05,1,B
i0371,r05,1,B
i0371,r08,1,B
i0371,r01,1,B
i0372,r08,0,A
i0372,r11,0,A
i0372,r05,0,A
i0373,r06,1,A
i0373,r04,0,A
i0373,r02,0,A
i0374,r06,1,B
i0374,r02,0,B
i0374,r09,1,B
i0375,r10,1,A
i0375,r05,1,A
i0375,r03,1,A
i0376,r04,0,B
i0376,r09,1,B
i0376,r06,1,B
i0377,r02,0,A
i0377,r08,0,A
i0377,r09,0,A
i0378,r02,0,A
i0378,r09,0,A
i0378,r07,0,A
i0379,r11,0,A
i0379,r03,0,A
i0379,r05,0,A
i0380,r08,1,B
i0380,r02,1,B
i0380,r09,1,B
i0381,r05,1,A
i0381,r03,1,A
i0381,r08,1,A
i0382,r05,1,A
i0382,r02,1,A
i0382,r10,1,A
i0383,r09,1,B
i0383,r11,0,B
i0383,r10,1,B
i0384,r04,0,B
i0384,r05,0,B
i0384,r09,0,B
i0385,r04,1,A
i0385,r06,1,A
i0385,r07,1,A
i0386,r04,0,A
i0386,r08,0,A
i0386,r01,0,A
i0387,r04,0,A
i0387,r05,0,A
i0387,r10,0,A
i0388,r01,1,A
i0388,r10,1,A
i0388,r07,1,A
i0389,r05,0,A
i0389,r04,0,A
i0389,r08,0,A
i0390,r07,0,A
i0390,r01,0,A
i0390,r02,0,A
i0391,r01,0,A
i0391,r10,0,A
i0391,r06,0,A
i0392,r11,1,A
i0392,r04,1,A
i0392,r06,1,A
i0393,r09,1,A
i0393,r04,1,A
i0393,r10,1,A
i0394,r07,0,A
i0394,r03,0,A
i0394,r11,0,A
i0395,r07,1,B
i0395,r06,1,B
i0395,r04,0,B
i0396,r05,0,A
i0396,r11,1,A
i0396,r07,0,A
i0397,r07,1,B
i0397,r08,0,B
i0397,r03,1,B
i0398,r08,0,A
i0398,r02,0,A
i0398,r03,0,A
i0399,r09,0,A
i0399,r08,0,A
i0399,r07,0,A
i0400,r06,1,A
i0400,r08,1,A
i0400,r10,1,A
i0401,r08,1,A
i0401,r07,1,A
i0401,r06,1,A
i0402,r01,0,B
i0402,r09,1,B
i0402,r06,1,B
i0403,r05,0,A
i0403,r03,0,A
i0403,r09,0,A
i0404,r04,0,B
i0404,r05,0,B
i0404,r02,1,B
i0405,r06,0,A
i0405,r03,0,A
i0405,r08,0,A
i0406,r08,0,A
i0406,r04,0,A
i0406,r03,0,A
i0407,r01,0,A
i0407,r07,1,A
i0407,r06,1,A
i0408,r07,0,A
i0408,r02,0,A
i0408,r11,0,A
i0409,r07,1,A
i0409,r08,1,A
i0409,r09,1,A
i0410,r10,0,A
i0410,r07,0,A
i0410,r04,0,A
i0411,r06,0,A
i0411,r09,0,A
i0411,r04,0,A
i0412,r10,1,A
i0412,r05,1,A
i0412,r08,1,A
i0413,r02,0,A
i0413,r06,0,A
i0413,r03,0,A
i0414,r06,1,A
i0414,r10,1,A
i0414,r07,1,A
i0415,r11,0,A
i0415,r01,0,A
i0415,r06,0,A
i0416,r10,0,A
i0416,r05,0,A
i0416,r04,0,A
i0417,r04,1,A
i0417,r11,1,A
i0417,r08,1,A
i0418,r09,0,A
i0418,r11,0,A
i0418,r04,0,A
i0419,r09,0,B
i0419,r06,0,B
i0419,r10,0,B
i0420,r09,1,A
i0420,r05,1,A
i0420,r06,1,A
i0421,r03,1,A
i0421,r08,1,A
i0421,r02,1,A
i0422,r11,1,B
i0422,r04,1,B
i0422,r07,0,B
i0423,r07,0,A
i0423,r09,1,A
i0423,r10,1,A
i0424,r07,0,B
i0424,r10,1,B
i0424,r06,0,B
i0425,r05,1,A
i0425,r06,1,A
i0425,r08,1,A
i0426,r05,1,A
i0426,r08,1,A
i0426,r03,1,A
i0427,r06,0,A
i0427,r09,0,A
i0427,r10,0,A
i0428,r04,0,A
i0428,r06,0,A
i0428,r07,0,A
i0429,r03,0,A
i0429,r07,0,A
i0429,r10,1,A
i0430,r05,0,A
i0430,r07,0,A
i0430,r02,0,A
i0431,r11,0,B
i0431,r08,0,B
i0431,r06,0,B
i0432,r01,1,A
i0432,r06,1,A
i0432,r07,1,A
i0433,r01,0,A
i0433,r05,0,A
i0433,r11,0,A
i0434,r03,0,A
i0434,r08,0,A
i0434,r01,0,A
i0435,r02,0,B
i0435,r01,0,B
i0435,r08,1,B
i0436,r11,0,A
i0436,r07,0,A
i0436,r10,1,A
i0437,r01,1,A
i0437,r03,1,A
i0437,r09,1,A
i0438,r09,1,A
i0438,r10,1,A
i0438,r08,1,A
i0439,r02,0,B
i0439,r09,0,B
i0439,r03,0,B
i0440,r03,1,A
i0440,r06,1,A
i0440,r01,1,A
i0441,r06,1,B
i0441,r01,1,B
i0441,r08,1,B
i0442,r04,1,B
i0442,r08,1,B
i0442,r07,0,B
i0443,r01,0,A
i0443,r11,0,A
i0443,r09,0,A
i0444,r01,0,B
i0444,r08,0,B
i0444,r11,0,B
i0445,r04,0,A
i0445,r06,0,A
i0445,r07,0,A
i0446,r09,0,A
i0446,r03,0,A
i0446,r02,0,A
i0447,r09,1,A
i0447,r03,0,A
i0447,r05,0,A
i0448,r08,1,A
i0448,r05,1,A
i0448,r03,1,A
i0449,r04,0,A
i0449,r09,0,A
i0449,r02,0,A
i0450,r01,1,A
i0450,r02,1,A
i0450,r08,1,A
i0451,r04,1,A
i0451,r08,1,A
i0451,r05,1,A
i0452,r01,1,A
i0452,r07,1,A
i0452,r02,1,A
i0453,r05,1,A
i0453,r04,1,A
i0453,r01,1,A
i0454,r07,0,A
i0454,r05,0,A
i0454,r02,0,A
i0455,r08,1,A
i0455,r04,1,A
i0455,r01,1,A
i0456,r02,1,A
i0456,r01,1,A
i0456,r03,1,A
i0457,r10,0,A
i0457,r07,0,A
i0457,r02,0,A
i0458,r06,1,A
i0458,r07,1,A
i0458,r08,1,A
i0459,r09,1,A
i0459,r06,0,A
i0459,r02,0,A
i0460,r06,1,A
i0460,r01,1,A
i0460,r07,1,A
i0461,r04,1,A
i0461,r01,1,A
i0461,r05,1,A
i0462,r01,0,A
i0462,r07,0,A
i0462,r11,0,A
i0463,r03,1,A
i0463,r06,1,A
i0463,r08,1,A
i0464,r05,0,A
i0464,r02,0,A
i0464,r07,0,A
i0465,r06,0,A
i0465,r10,0,A
i0465,r01,0,A
i0466,r01,0,A
i0466,r03,0,A
i0466,r09,0,A
i0467,r02,1,A
i0467,r03,0,A
i0467,r10,1,A
i0468,r08,0,A
i0468,r11,1,A
i0468,r05,0,A
i0469,r07,0,A
i0469,r05,0,A
i0469,r01,0,A
i0470,r01,1,B
i0470,r08,0,B
i0470,r03,0,B
i0471,r03,1,A
i0471,r11,0,A
i0471,r09,1,A
i0472,r10,0,A
i0472,r08,0,A
i0472,r09,0,A
i0473,r05,0,A
i0473,r08,0,A
i0473,r11,1,A
i0474,r07,1,A
i0474,r05,1,A
i0474,r01,1,A
i0475,r04,1,A
i0475,r06,1,A
i0475,r01,1,A
i0476,r10,1,A
i0476,r03,1,A
i0476,r01,1,A
i0477,r08,1,A
i0477,r02,1,A
i0477,r09,1,A
i0478,r08,0,A
i0478,r06,0,A
i0478,r04,0,A
i0479,r08,0,B
i0479,r01,0,B
i0479,r09,0,B
i0480,r09,1,A
i0480,r03,1,A
i0480,r08,1,A
i0481,r06,1,A
i0481,r08,0,A
i0481,r09,0,A
i0482,r06,0,A
i0482,r08,0,A
i0482,r10,0,A
i0483,r05,0,A
i0483,r02,0,A
i0483,r04,0,A
i0484,r01,0,A
i0484,r11,0,A
i0484,r09,0,A
i0485,r02,0,A
i0485,r11,0,A
i0485,r07,0,A
i0486,r11,1,A
i0486,r08,1,A
i0486,r06,1,A
i0487,r07,0,A
i0487,r08,0,A
i0487,r11,0,A
i0488,r04,0,A
i0488,r05,0,A
i0488,r08,0,A
i0489,r06,0,A
i0489,r10,0,A
i0489,r09,0,A
i0490,r11,1,A
i0490,r03,1,A
i0490,r06,1,A
i0491,r03,0,A
i0491,r02,0,A
i0491,r09,0,A
i0492,r03,0,A
i0492,r04,0,A
i0492,r01,0,A
i0493,r07,0,A
i0493,r08,0,A
i0493,r03,0,A
i0494,r11,1,A
i0494,r08,1,A
i0494,r10,1,A
i0495,r08,1,B
i0495,r04,1,B
i0495,r10,1,B
i0496,r09,1,A
i0496,r04,1,A
i0496,r10,1,A
i0497,r10,1,A
i0497,r03,1,A
i0497,r04,1,A
i0498,r06,0,A
i0498,r02,0,A
i0498,r10,0,A
i0499,r11,0,B
i0499,r10,1,B
i0499,r06,0,B
i0500,r09,0,A
i0500,r01,0,A
i0500,r03,0,A
i0501,r01,1,A
i0501,r10,1,A
i0501,r09,1,A
i0502,r02,0,A
i0502,r11,0,A
i0502,r05,0,A
i0503,r09,0,A
i0503,r07,0,A
i0503,r06,0,A
i0504,r03,0,A
i0504,r02,0,A
i0504,r11,0,A
i0505,r04,0,A
i0505,r07,0,A
i0505,r01,0,A
i0506,r07,0,A
i0506,r02,0,A
i0506,r01,0,A
i0507,r03,1,A
i0507,r09,1,A
i0507,r05,1,A
i0508,r07,0,B
i0508,r08,0,B
i0508,r03,0,B
i0509,r03,0,A
i0509,r08,0,A
i0509,r07,0,A
i0510,r07,1,A
i0510,r02,1,A
i0510,r03,1,A
i0511,r10,0,A
i0511,r02,0,A
i0511,r03,0,A
i0512,r09,0,B
i0512,r10,0,B
i0512,r07,0,B
i0513,r09,0,A
i0513,r11,0,A
i0513,r10,0,A
i0514,r08,1,A
i0514,r03,1,A
i0514,r01,1,A
i0515,r10,1,A
i0515,r06,1,A
i0515,r09,1,A
i0516,r04,0,B
i0516,r09,0,B
i0516,r06,0,B
i0517,r10,0,A
i0517,r08,0,A
i0517,r09,0,A
i0518,r07,0,B
i0518,r02,1,B
i0518,r04,1,B
i0519,r07,0,A
i0519,r09,0,A
i0519,r11,0,A
i0520,r03,0,A
i0520,r10,0,A
i0520,r06,0,A
i0521,r11,0,A
i0521,r06,0,A
i0521,r07,0,A
i0522,r04,0,A
i0522,r05,1,A
i0522,r03,0,A
i0523,r06,1,A
i0523,r02,1,A
i0523,r05,0,A
i0524,r01,1,A
i0524,r04,1,A
i0524,r10,1,A
i0525,r11,1,A
i0525,r05,1,A
i0525,r01,1,A
i0526,r10,1,B
i0526,r02,1,B
i0526,r01,1,B
i0527,r07,1,A
i0527,r04,1,A
i0527,r01,0,A
i0528,r02,0,A
i0528,r04,0,A
i0528,r08,0,A
i0529,r10,1,A
i0529,r11,1,A
i0529,r06,1,A
i0530,r02,0,A
i0530,r04,0,A
i0530,r08,0,A
i0531,r03,0,B
i0531,r08,0,B
i0531,r09,0,B
i0532,r01,0,A
i0532,r11,0,A
i0532,r04,0,A
i0533,r04,0,A
i0533,r05,0,A
i0533,r08,0,A
i0534,r09,1,A
i0534,r02,1,A
i0534,r11,1,A
i0535,r03,0,B
i0535,r08,0,B
i0535,r02,1,B
i0536,r01,1,B
i0536,r09,0,B
i0536,r05,1,B
i0537,r02,1,A
i0537,r03,1,A
i0537,r09,1,A
i0538,r09,0,A
i0538,r01,0,A
i0538,r05,0,A
i0539,r04,1,A
i0539,r02,1,A
i0539,r07,1,A
i0540,r05,1,A
i0540,r06,0,A
i0540,r10,0,A
i0541,r02,0,A
i0541,r01,0,A
i0541,r08,0,A
i0542,r05,0,A
i0542,r01,0,A
i0542,r11,0,A
i0543,r11,0,A
i0543,r06,0,A
i0543,r07,0,A
i0544,r07,0,A
i0544,r11,0,A
i0544,r01,0,A
i0545,r02,0,A
i0545,r07,0,A
i0545,r10,0,A
i0546,r09,1,A
i0546,r06,1,A
i0546,r07,1,A
i0547,r06,1,A
i0547,r09,1,A
i0547,r08,1,A
i0548,r05,0,A
i0548,r09,0,A
i0548,r10,0,A
i0549,r09,0,B
i0549,r04,0,B
i0549,r06,1,B
i0550,r08,1,A
i0550,r05,1,A
i0550,r09,1,A
i0551,r01,1,A
i0551,r11,1,A
i0551,r08,1,A
i0552,r08,1,B
i0552,r07,1,B
i0552,r06,1,B
i0553,r08,0,B
i0553,r05,0,B
i0553,r07,0,B
i0554,r07,1,B
i0554,r01,0,B
i0554,r09,1,B
i0555,r01,0,A
i0555,r09,0,A
i0555,r05,0,A
i0556,r05,0,A
i0556,r03,0,A
i0556,r10,0,A
i0557,r06,1,B
i0557,r11,1,B
i0557,r01,0,B
i0558,r01,1,B
i0558,r10,1,B
i0558,r04,1,B
i0559,r05,0,B
i0559,r03,1,B
i0559,r06,0,B
i0560,r02,1,A
i0560,r10,1,A
i0560,r08,1,A
i0561,r07,1,B
i0561,r11,1,B
i0561,r03,0,B
i0562,r04,0,A
i0562,r10,0,A
i0562,r09,0,A
i0563,r08,0,B
i0563,r06,1,B
i0563,r05,0,B
i0564,r04,1,A
i0564,r05,1,A
i0564,r02,1,A
i0565,r11,1,A
i0565,r06,1,A
i0565,r07,1,A
i0566,r05,1,B
i0566,r09,1,B
i0566,r01,1,B
i0567,r09,0,A
i0567,r08,0,A
i0567,r06,0,A
i0568,r09,0,A
i0568,r04,0,A
i0568,r07,1,A
i0569,r04,1,A
i0569,r10,1,A
i0569,r03,1,A
i0570,r11,0,A
i0570,r10,0,A
i0570,r07,0,A
i0571,r08,0,B
i0571,r11,0,B
i0571,r02,0,B
i0572,r07,0,A
i0572,r09,0,A
i0572,r04,0,A
i0573,r05,0,A
i0573,r07,0,A
i0573,r10,0,A
i0574,r06,0,A
i0574,r04,0,A
i0574,r01,0,A
i0575,r02,0,B
i0575,r11,1,B
i0575,r07,1,B
i0576,r05,0,A
i0576,r08,0,A
i0576,r07,0,A
i0577,r03,1,A
i0577,r09,1,A
i0577,r02,1,A
i0578,r05,0,A
i0578,r04,0,A
i0578,r10,0,A
i0579,r09,1,B
i0579,r01,1,B
i0579,r02,0,B
i0580,r01,0,A
i0580,r08,0,A
i0580,r11,0,A
i0581,r10,1,A
i0581,r11,1,A
i0581,r08,1,A
i0582,r10,0,B
i0582,r08,0,B
i0582,r11,0,B
i0583,r05,0,A
i0583,r07,0,A
i0583,r04,0,A
i0584,r10,0,B
i0584,r09,1,B
i0584,r04,0,B
i0585,r07,1,A
i0585,r06,1,A
i0585,r02,1,A
i0586,r05,1,A
i0586,r04,1,A
i0586,r10,1,A
i0587,r10,0,A
i0587,r06,0,A
i0587,r01,0,A
i0588,r10,1,A
i0588,r03,1,A
i0588,r09,1,A
i0589,r04,0,A
i0589,r05,0,A
i0589,r10,0,A
i0590,r08,1,A
i0590,r09,1,A
i0590,r03,1,A
i0591,r03,1,A
i0591,r11,1,A
i0591,r01,1,A
i0592,r07,0,A
i0592,r09,0,A
i0592,r08,0,A
i0593,r01,0,A
i0593,r08,0,A
i0593,r10,0,A
i0594,r06,0,A
i0594,r04,0,A
i0594,r01,0,A
i0595,r02,1,A
i0595,r05,1,A
i0595,r09,1,A
i0596,r09,1,B
i0596,r07,1,B
i0596,r02,0,B
i0597,r09,1,A
i0597,r03,1,A
i0597,r08,1,A
i0598,r10,1,A
i0598,r03,1,A
i0598,r01,1,A
i0599,r07,1,A
i0599,r01,0,A
i0599,r08,1,A
i0600,r04,1,A
i0600,r02,1,A
i0600,r09,1,A
i0601,r10,0,A
i0601,r04,0,A
i0601,r06,0,A
i0602,r11,0,A
i0602,r10,0,A
i0602,r01,0,A
i0603,r02,0,B
i0603,r05,0,B
i0603,r04,0,B
i0604,r04,0,B
i0604,r06,1,B
i0604,r01,0,B
i0605,r11,0,B
i0605,r02,0,B
i0605,r04,0,B
i0606,r11,0,A
i0606,r06,0,A
i0606,r07,0,A
i0607,r07,0,A
i0607,r04,0,A
i0607,r09,0,A
i0608,r11,1,A
i0608,r09,1,A
i0608,r01,1,A
i0609,r04,0,A
i0609,r08,0,A
i0609,r03,0,A
i0610,r04,1,A
i0610,r01,1,A
i0610,r09,1,A
i0611,r07,1,A
i0611,r02,1,A
i0611,r05,1,A
i0612,r09,0,A
i0612,r10,0,A
i0612,r02,1,A
i0613,r07,1,A
i0613,r05,1,A
i0613,r08,1,A
i0614,r06,0,B
i0614,r09,0,B
i0614,r03,0,B
i0615,r03,1,A
i0615,r01,1,A
i0615,r02,1,A
i0616,r05,0,B
i0616,r04,1,B
i0616,r01,1,B
i0617,r11,0,B
i0617,r05,1,B
i0617,r02,0,B
i0618,r09,1,A
i0618,r07,1,A
i0618,r08,1,A
i0619,r11,0,A
i0619,r08,0,A
i0619,r04,0,A
i0620,r01,0,B
i0620,r02,0,B
i0620,r04,0,B
i0621,r03,1,A
i0621,r09,1,A
i0621,r04,1,A
i0622,r11,0,A
i0622,r05,0,A
i0622,r09,0,A
i0623,r04,0,A
i0623,r07,1,A
i0623,r09,1,A
i0624,r07,1,A
i0624,r04,1,A
i0624,r02,1,A
i0625,r10,1,B
i0625,r03,1,B
i0625,r06,0,B
i0626,r07,0,A
i0626,r02,0,A
i0626,r11,0,A
i0627,r08,0,B
i0627,r07,0,B
i0627,r10,0,B
i0628,r02,0,A
i0628,r07,0,A
i0628,r10,0,A
i0629,r03,1,B
i0629,r05,1,B
i0629,r11,1,B
i0630,r07,1,A
i0630,r05,1,A
i0630,r11,1,A
i0631,r05,1,A
i0631,r06,1,A
i0631,r02,1,A
i0632,r04,1,B
i0632,r08,1,B
i0632,r11,0,B
i0633,r01,0,A
i0633,r05,0,A
i0633,r08,0,A
i0634,r06,1,A
i0634,r11,1,A
i0634,r10,1,A
i0635,r07,1,A
i0635,r08,0,A
i0635,r01,0,A
i0636,r04,1,A
i0636,r01,1,A
i0636,r11,1,A
i0637,r10,1,A
i0637,r11,1,A
i0637,r07,1,A
i0638,r07,1,A
i0638,r10,0,A
i0638,r01,0,A
i0639,r06,0,A
i0639,r09,0,A
i0639,r05,1,A
i0640,r05,1,A
i0640,r02,1,A
i0640,r09,1,A
i0641,r09,1,A
i0641,r01,1,A
i0641,r04,1,A
i0642,r01,1,A
i0642,r03,0,A
i0642,r05,0,A
i0643,r04,0,A
i0643,r01,0,A
i0643,r08,0,A
i0644,r08,1,A
i0644,r04,1,A
i0644,r07,1,A
i0645,r11,0,A
i0645,r06,0,A
i0645,r09,0,A
i0646,r04,1,A
i0646,r05,1,A
i0646,r10,1,A
i0647,r05,1,A
i0647,r03,1,A
i0647,r01,1,A
i0648,r11,1,B
i0648,r07,0,B
i0648,r04,0,B
i0649,r06,1,A
i0649,r03,1,A
i0649,r11,1,A
i0650,r02,0,A
i0650,r10,0,A
i0650,r11,0,A
i0651,r07,0,B
i0651,r02,0,B
i0651,r06,0,B
i0652,r07,1,A
i0652,r09,1,A
i0652,r04,1,A
i0653,r02,1,A
i0653,r10,1,A
i0653,r04,1,A
i0654,r04,0,A
i0654,r10,0,A
i0654,r07,0,A
i0655,r04,0,A
i0655,r03,0,A
i0655,r09,0,A
i0656,r11,1,A
i0656,r08,1,A
i0656,r04,1,A
i0657,r04,1,A
i0657,r11,1,A
i0657,r08,1,A
i0658,r05,1,A
i0658,r01,1,A
i0658,r07,1,A
i0659,r10,0,B
i0659,r04,0,B
i0659,r06,0,B
i0660,r06,1,B
i0660,r04,1,B
i0660,r07,1,B
i0661,r01,0,A
i0661,r11,0,A
i0661,r08,0,A
i0662,r02,0,B
i0662,r09,0,B
i0662,r03,1,B
i0663,r07,0,B
i0663,r03,0,B
i0663,r05,0,B
i0664,r01,1,A
i0664,r10,1,A
i0664,r11,1,A
i0665,r09,0,B
i0665,r08,0,B
i0665,r01,1,B
i0666,r09,0,A
i0666,r02,0,A
i0666,r04,0,A
i0667,r02,0,A
i0667,r08,0,A
i0667,r09,0,A
i0668,r01,1,A
i0668,r02,1,A
i0668,r10,1,A
i0669,r04,1,A
i0669,r01,1,A
i0669,r03,1,A
i0670,r02,0,A
i0670,r11,0,A
i0670,r08,0,A
i0671,r04,0,B
i0671,r10,1,B
i0671,r11,1,B
i0672,r05,0,B
i0672,r06,1,B
i0672,r07,0,B
i0673,r01,1,A
i0673,r09,1,A
i0673,r06,1,A
i0674,r11,1,A
i0674,r04,1,A
i0674,r05,1,A
i0675,r03,1,A
i0675,r01,1,A
i0675,r08,1,A
i0676,r04,1,B
i0676,r08,1,B
i0676,r10,1,B
i0677,r06,0,A
i0677,r05,0,A
i0677,r08,0,A
i0678,r10,1,A
i0678,r09,1,A
i0678,r05,1,A
i0679,r11,0,A
i0679,r02,0,A
i0679,r05,0,A
i0680,r04,1,B
i0680,r10,1,B
i0680,r06,1,B
i0681,r11,0,A
i0681,r05,1,A
i0681,r10,1,A
i0682,r08,1,A
i0682,r03,1,A
i0682,r11,1,A
i0683,r05,1,A
i0683,r10,1,A
i0683,r08,1,A
i0684,r10,0,B
i0684,r11,0,B
i0684,r08,0,B
i0685,r02,1,A
i0685,r08,1,A
i0685,r10,1,A
i0686,r03,1,A
i0686,r08,1,A
i0686,r04,1,A
i0687,r10,0,A
i0687,r02,0,A
i0687,r05,0,A
i0688,r02,1,A
i0688,r09,1,A
i0688,r04,1,A
i0689,r05,1,A
i0689,r07,1,A
i0689,r02,1,A
i0690,r04,0,A
i0690,r07,0,A
i0690,r08,0,A
i0691,r01,0,B
i0691,r09,1,B
i0691,r04,1,B
i0692,r04,0,A
i0692,r08,0,A
i0692,r10,0,A
i0693,r02,0,B
i0693,r05,1,B
i0693,r03,1,B
i0694,r03,1,B
i0694,r11,1,B
i0694,r08,0,B
i0695,r08,1,A
i0695,r01,1,A
i0695,r02,1,A
i0696,r08,0,A
i0696,r03,1,A
i0696,r06,1,A
i0697,r03,0,A
i0697,r05,0,A
i0697,r11,0,A
i0698,r11,0,A
i0698,r05,0,A
i0698,r07,0,A
i0699,r03,0,A
i0699,r08,1,A
i0699,r09,0,A
i0700,r04,1,A
i0700,r08,1,A
i0700,r02,1,A
i0701,r08,0,A
i0701,r01,0,A
i0701,r10,0,A
i0702,r06,1,A
i0702,r11,1,A
i0702,r03,1,A
i0703,r11,0,A
i0703,r03,0,A
i0703,r01,0,A
i0704,r09,0,A
i0704,r03,0,A
i0704,r07,0,A
i0705,r09,1,B
i0705,r08,1,B
i0705,r02,0,B
i0706,r02,0,A
i0706,r11,0,A
i0706,r04,0,A
i0707,r03,1,A
i0707,r04,1,A
i0707,r05,1,A
i0708,r04,1,B
i0708,r07,0,B
i0708,r05,1,B
i0709,r11,0,A
i0709,r07,0,A
i0709,r10,0,A
i0710,r09,1,A
i0710,r02,1,A
i0710,r05,1,A
i0711,r10,0,B
i0711,r01,1,B
i0711,r07,0,B
i0712,r06,0,A
i0712,r08,0,A
i0712,r04,1,A
i0713,r09,1,A
i0713,r08,1,A
i0713,r04,1,A
i0714,r10,1,A
i0714,r06,1,A
i0714,r01,1,A
i0715,r08,1,A
i0715,r02,1,A
i0715,r04,1,A
i0716,r08,0,A
i0716,r03,0,A
i0716,r06,0,A
i0717,r04,1,A
i0717,r09,1,A
i0717,r08,1,A
i0718,r10,0,A
i0718,r02,0,A
i0718,r08,0,A
i0719,r02,0,A
i0719,r11,0,A
i0719,r10,0,A
i0720,r09,0,B
i0720,r07,0,B
i0720,r08,0,B
i0721,r10,0,A
i0721,r05,0,A
i0721,r01,0,A
i0722,r09,1,A
i0722,r08,1,A
i0722,r05,1,A
i0723,r08,0,B
i0723,r10,0,B
i0723,r04,0,B
i0724,r09,1,B
i0724,r02,0,B
i0724,r10,0,B
i0725,r04,0,B
i0725,r02,0,B
i0725,r03,0,B
i0726,r05,1,A
i0726,r03,1,A
i0726,r08,1,A
i0727,r09,0,A
i0727,r06,0,A
i0727,r04,0,A
i0728,r08,0,B
i0728,r01,0,B
i0728,r03,1,B
i0729,r04,1,A
i0729,r10,1,A
i0729,r05,1,A
i0730,r05,1,B
i0730,r01,1,B
i0730,r09,0,B
i0731,r11,1,A
i0731,r08,1,A
i0731,r03,1,A
i0732,r10,1,A
i0732,r08,0,A
i0732,r01,0,A
i0733,r03,1,B
i0733,r01,1,B
i0733,r02,1,B
i0734,r10,1,B
i0734,r04,0,B
i0734,r02,0,B
i0735,r10,0,A
i0735,r11,0,A
i0735,r09,0,A
i0736,r06,0,A
i0736,r02,0,A
i0736,r03,0,A
i0737,r06,1,A
i0737,r08,0,A
i0737,r03,1,A
i0738,r03,1,A
i0738,r08,1,A
i0738,r06,1,A
i0739,r11,0,B
i0739,r04,1,B
i0739,r03,1,B
i0740,r11,0,A
i0740,r04,0,A
i0740,r08,0,A
i0741,r10,0,A
i0741,r02,1,A
i0741,r04,0,A
i0742,r02,1,A
i0742,r03,1,A
i0742,r07,1,A
i0743,r06,1,B
i0743,r05,1,B
i0743,r11,0,B
i0744,r02,0,A
i0744,r08,0,A
i0744,r07,0,A
i0745,r04,1,A
i0745,r06,0,A
i0745,r05,0,A
i0746,r01,1,A
i0746,r03,1,A
i0746,r10,1,A
i0747,r02,0,B
i0747,r09,1,B
i0747,r05,1,B
i0748,r04,1,A
i0748,r05,1,A
i0748,r10,1,A
i0749,r07,0,B
i0749,r09,0,B
i0749,r10,0,B
i0750,r11,0,A
i0750,r04,0,A
i0750,r03,0,A
i0751,r10,0,A
i0751,r02,0,A
i0751,r01,0,A
i0752,r02,0,A
i0752,r09,0,A
i0752,r06,0,A
i0753,r10,0,B
i0753,r02,0,B
i0753,r04,1,B
i0754,r06,0,B
i0754,r01,1,B
i0754,r10,0,B
i0755,r01,0,A
i0755,r07,0,A
i0755,r11,0,A
i0756,r04,1,B
i0756,r06,1,B
i0756,r02,1,B
i0757,r10,0,B
i0757,r01,1,B
i0757,r05,1,B
i0758,r08,1,B
i0758,r10,1,B
i0758,r04,1,B
i0759,r10,0,A
i0759,r01,0,A
i0759,r11,0,A
i0760,r11,1,A
i0760,r08,1,A
i0760,r05,1,A
i0761,r08,1,A
i0761,r09,1,A
i0761,r01,1,A
i0762,r04,1,A
i0762,r02,1,A
i0762,r07,1,A
i0763,r05,1,B
i0763,r01,0,B
i0763,r11,1,B
i0764,r09,0,A
i0764,r01,0,A
i0764,r08,0,A
i0765,r07,1,A
i0765,r03,0,A
i0765,r06,1,A
i0766,r11,0,A
i0766,r06,0,A
i0766,r02,0,A
i0767,r07,1,A
i0767,r10,1,A
i0767,r04,1,A
i0768,r07,0,A
i0768,r09,0,A
i0768,r04,0,A
i0769,r08,1,A
i0769,r04,1,A
i0769,r01,1,A
i0770,r06,1,A
i0770,r07,1,A
i0770,r05,1,A
i0771,r08,1,A
i0771,r04,0,A
i0771,r05,1,A
i0772,r03,0,A
i0772,r11,0,A
i0772,r05,0,A
i0773,r02,0,A
i0773,r08,0,A
i0773,r05,0,A
i0774,r03,1,A
i0774,r10,1,A
i0774,r06,1,A
i0775,r07,0,B
i0775,r05,0,B
i0775,r06,0,B
i0776,r04,0,A
i0776,r11,0,A
i0776,r09,0,A
i0777,r03,0,A
i0777,r01,0,A
i0777,r11,0,A
i0778,r08,1,A
i0778,r07,1,A
i0778,r05,1,A
i0779,r11,1,B
i0779,r06,1,B
i0779,r03,1,B
i0780,r11,1,A
i0780,r10,1,A
i0780,r09,1,A
i0781,r11,0,A
i0781,r06,0,A
i0781,r04,0,A
i0782,r09,0,B
i0782,r07,0,B
i0782,r04,0,B
i0783,r01,1,A
i0783,r03,1,A
i0783,r09,1,A
i0784,r02,0,A
i0784,r01,0,A
i0784,r05,0,A
i0785,r09,0,B
i0785,r07,0,B
i0785,r03,0,B
i0786,r06,1,A
i0786,r03,1,A
i0786,r05,1,A
i0787,r09,0,B
i0787,r07,0,B
i0787,r08,0,B
i0788,r08,0,B
i0788,r02,1,B
i0788,r05,0,B
i0789,r02,1,A
i0789,r08,1,A
i0789,r09,1,A
i0790,r08,1,A
i0790,r06,1,A
i0790,r09,1,A
i0791,r11,0,B
i0791,r02,1,B
i0791,r10,0,B
i0792,r02,0,A
i0792,r09,0,A
i0792,r01,0,A
i0793,r02,1,A
i0793,r11,1,A
i0793,r06,1,A
i0794,r04,1,B
i0794,r03,1,B
i0794,r02,1,B
i0795,r10,1,A
i0795,r08,0,A
i0795,r03,1,A
i0796,r10,1,A
i0796,r02,1,A
i0796,r11,1,A
i0797,r08,0,A
i0797,r07,0,A
i0797,r04,0,A
i0798,r02,0,A
i0798,r04,0,A
i0798,r08,0,A
i0799,r04,1,A
i0799,r10,1,A
i0799,r01,1,A
i0800,r01,0,A
i0800,r08,0,A
i0800,r04,0,A
i0801,r09,0,B
i0801,r02,0,B
i0801,r03,0,B
i0802,r08,1,A
i0802,r03,1,A
i0802,r07,1,A
i0803,r04,0,A
i0803,r09,0,A
i0803,r06,0,A
i0804,r05,1,A
i0804,r11,1,A
i0804,r03,1,A
i0805,r08,0,A
i0805,r09,0,A
i0805,r10,0,A
i0806,r05,0,A
i0806,r09,0,A
i0806,r11,0,A
i0807,r05,1,A
i0807,r09,0,A
i0807,r10,1,A
i0808,r06,0,A
i0808,r04,0,A
i0808,r05,0,A
i0809,r09,1,A
i0809,r07,1,A
i0809,r10,1,A
i0810,r08,0,A
i0810,r09,0,A
i0810,r07,0,A
i0811,r05,1,A
i0811,r02,1,A
i0811,r06,1,A
i0812,r02,0,A
i0812,r03,0,A
i0812,r09,0,A
i0813,r10,0,A
i0813,r09,1,A
i0813,r11,1,A
i0814,r04,1,A
i0814,r10,1,A
i0814,r02,1,A
i0815,r08,1,A
i0815,r02,1,A
i0815,r01,1,A
i0816,r07,0,A
i0816,r08,0,A
i0816,r09,0,A
i0817,r08,1,A
i0817,r04,1,A
i0817,r07,1,A
i0818,r08,0,A
i0818,r10,1,A
i0818,r02,0,A
i0819,r03,0,A
i0819,r02,0,A
i0819,r11,0,A
i0820,r05,0,B
i0820,r07,0,B
i0820,r01,1,B
i0821,r01,0,B
i0821,r11,0,B
i0821,r04,0,B
i0822,r01,0,A
i0822,r10,0,A
i0822,r05,0,A
i0823,r02,0,A
i0823,r11,0,A
i0823,r04,0,A
i0824,r08,0,A
i0824,r09,0,A
i0824,r10,0,A
i0825,r03,1,A
i0825,r02,1,A
i0825,r11,1,A
i0826,r09,0,B
i0826,r06,0,B
i0826,r08,0,B
i0827,r07,0,B
i0827,r05,1,B
i0827,r08,1,B
i0828,r09,1,A
i0828,r11,1,A
i0828,r07,1,A
i0829,r10,0,A
i0829,r06,0,A
i0829,r05,1,A
i0830,r05,1,A
i0830,r06,1,A
i0830,r08,1,A
i0831,r01,0,A
i0831,r06,0,A
i0831,r03,0,A
i0832,r11,1,A
i0832,r10,1,A
i0832,r05,1,A
i0833,r08,0,A
i0833,r01,0,A
i0833,r11,0,A
i0834,r06,1,B
i0834,r02,1,B
i0834,r01,0,B
i0835,r07,0,B
i0835,r05,1,B
i0835,r06,1,B
i0836,r02,0,A
i0836,r06,1,A
i0836,r08,0,A
i0837,r03,1,A
i0837,r08,1,A
i0837,r04,1,A
i0838,r05,1,A
i0838,r09,1,A
i0838,r08,1,A
i0839,r05,1,A
i0839,r08,1,A
i0839,r09,1,A
i0840,r10,0,B
i0840,r04,0,B
i0840,r05,0,B
i0841,r06,0,A
i0841,r09,0,A
i0841,r11,0,A
i0842,r03,0,A
i0842,r06,0,A
i0842,r10,0,A
i0843,r10,0,A
i0843,r05,0,A
i0843,r06,0,A
i0844,r06,1,A
i0844,r04,1,A
i0844,r11,1,A
i0845,r05,0,A
i0845,r07,0,A
i0845,r11,0,A
i0846,r08,1,A
i0846,r02,1,A
i0846,r06,0,A
i0847,r05,0,B
i0847,r09,0,B
i0847,r07,0,B
i0848,r02,0,A
i0848,r04,0,A
i0848,r08,0,A
i0849,r02,0,B
i0849,r10,0,B
i0849,r04,0,B
i0850,r11,0,A
i0850,r07,0,A
i0850,r01,0,A
i0851,r10,1,B
i0851,r11,0,B
i0851,r07,1,B
i0852,r04,1,A
i0852,r08,1,A
i0852,r06,1,A
i0853,r07,1,B
i0853,r02,0,B
i0853,r09,1,B
i0854,r11,0,A
i0854,r09,0,A
i0854,r01,0,A
i0855,r03,0,A
i0855,r05,0,A
i0855,r09,0,A
i0856,r02,0,A
i0856,r11,0,A
i0856,r01,0,A
i0857,r02,1,A
i0857,r03,0,A
i0857,r09,1,A
i0858,r09,1,A
i0858,r07,1,A
i0858,r02,1,A
i0859,r03,0,B
i0859,r10,1,B
i0859,r04,1,B
i0860,r06,0,A
i0860,r01,1,A
i0860,r03,0,A
i0861,r06,1,A
i0861,r11,1,A
i0861,r04,1,A
i0862,r04,1,A
i0862,r08,1,A
i0862,r01,1,A
i0863,r07,1,A
i0863,r02,1,A
i0863,r10,1,A
i0864,r11,0,A
i0864,r02,0,A
i0864,r10,0,A
i0865,r06,0,B
i0865,r08,1,B
i0865,r09,1,B
i0866,r05,0,B
i0866,r11,1,B
i0866,r06,1,B
i0867,r09,1,A
i0867,r06,1,A
i0867,r11,1,A
i0868,r07,1,B
i0868,r02,0,B
i0868,r03,1,B
i0869,r07,1,B
i0869,r04,0,B
i0869,r06,0,B
i0870,r03,0,A
i0870,r06,0,A
i0870,r08,0,A
i0871,r01,1,B
i0871,r06,1,B
i0871,r07,1,B
i0872,r01,0,B
i0872,r02,0,B
i0872,r05,1,B
i0873,r06,1,A
i0873,r01,1,A
i0873,r09,1,A
i0874,r10,1,A
i0874,r06,0,A
i0874,r07,0,A
i0875,r05,0,B
i0875,r07,1,B
i0875,r03,1,B
i0876,r06,0,A
i0876,r08,1,A
i0876,r07,1,A
i0877,r07,1,B
i0877,r01,1,B
i0877,r02,0,B
i0878,r03,1,B
i0878,r01,0,B
i0878,r05,0,B
i0879,r03,0,A
i0879,r02,0,A
i0879,r10,0,A
i0880,r03,0,A
i0880,r06,0,A
i0880,r05,0,A
i0881,r01,0,A
i0881,r04,0,A
i0881,r03,0,A
i0882,r09,0,B
i0882,r01,0,B
i0882,r04,1,B
i0883,r10,1,A
i0883,r03,1,A
i0883,r05,1,A
i0884,r11,0,B
i0884,r10,0,B
i0884,r02,0,B
i0885,r06,1,B
i0885,r08,1,B
i0885,r03,1,B
i0886,r03,1,B
i0886,r10,1,B
i0886,r02,1,B
i0887,r11,0,B
i0887,r07,0,B
i0887,r02,0,B
i0888,r09,0,A
i0888,r05,0,A
i0888,r11,0,A
i0889,r06,1,B
i0889,r05,1,B
i0889,r03,1,B
i0890,r11,1,B
i0890,r05,1,B
i0890,r04,1,B
i0891,r02,0,A
i0891,r11,0,A
i0891,r06,0,A
i0892,r04,1,A
i0892,r07,1,A
i0892,r01,1,A
i0893,r07,0,A
i0893,r04,0,A
i0893,r06,0,A
i0894,r07,1,B
i0894,r09,1,B
i0894,r11,0,B
i0895,r01,1,A
i0895,r03,1,A
i0895,r09,1,A
i0896,r03,0,A
i0896,r08,1,A
i0896,r09,1,A
i0897,r09,1,A
i0897,r11,0,A
i0897,r10,1,A
i0898,r08,0,A
i0898,r09,0,A
i0898,r02,0,A
i0899,r09,0,B
i0899,r05,0,B
i0899,r07,0,B
i0900,r01,0,A
i0900,r08,0,A
i0900,r02,0,A
i0901,r10,0,A
i0901,r04,0,A
i0901,r09,0,A
i0902,r10,1,A
i0902,r11,1,A
i0902,r09,1,A
i0903,r10,1,A
i0903,r11,1,A
i0903,r05,1,A
i0904,r07,0,A
i0904,r05,0,A
i0904,r08,0,A
i0905,r04,0,A
i0905,r08,0,A
i0905,r09,0,A
i0906,r03,0,B
i0906,r02,1,B
i0906,r07,1,B
i0907,r09,1,A
i0907,r06,1,A
i0907,r05,1,A
i0908,r06,0,B
i0908,r11,0,B
i0908,r01,0,B
i0909,r03,1,B
i0909,r06,1,B
i0909,r08,1,B
i0910,r06,1,A
i0910,r04,1,A
i0910,r08,1,A
i0911,r11,0,A
i0911,r09,0,A
i0911,r03,0,A
i0912,r02,1,A
i0912,r09,1,A
i0912,r03,1,A
i0913,r07,1,A
i0913,r08,1,A
i0913,r04,1,A
i0914,r06,0,B
i0914,r03,0,B
i0914,r11,1,B
i0915,r03,0,B
i0915,r06,1,B
i0915,r11,0,B
i0916,r01,1,A
i0916,r07,1,A
i0916,r09,1,A
i0917,r10,1,A
i0917,r08,1,A
i0917,r03,1,A
i0918,r03,1,B
i0918,r07,1,B
i0918,r01,1,B
i0919,r01,0,A
i0919,r10,0,A
i0919,r11,0,A
i0920,r04,0,A
i0920,r06,0,A
i0920,r05,0,A
i0921,r11,0,A
i0921,r09,0,A
i0921,r06,0,A
i0922,r02,1,A
i0922,r06,1,A
i0922,r01,1,A
i0923,r09,0,B
i0923,r03,0,B
i0923,r05,0,B
i0924,r03,0,A
i0924,r06,0,A
i0924,r08,0,A
i0925,r10,1,B
i0925,r09,1,B
i0925,r07,1,B
i0926,r06,1,A
i0926,r10,1,A
i0926,r11,1,A
i0927,r07,0,A
i0927,r06,0,A
i0927,r04,1,A
i0928,r10,1,A
i0928,r07,1,A
i0928,r09,1,A
i0929,r08,0,A
i0929,r07,0,A
i0929,r11,0,A
i0930,r06,0,A
i0930,r05,0,A
i0930,r09,0,A
i0931,r04,0,A
i0931,r01,0,A
i0931,r03,0,A
i0932,r03,0,A
i0932,r08,0,A
i0932,r11,0,A
i0933,r06,0,A
i0933,r08,1,A
i0933,r09,0,A
i0934,r03,1,B
i0934,r04,1,B
i0934,r07,1,B
i0935,r06,1,B
i0935,r03,1,B
i0935,r08,1,B
i0936,r05,1,A
i0936,r11,0,A
i0936,r10,1,A
i0937,r05,0,A
i0937,r02,0,A
i0937,r07,0,A
i0938,r10,1,B
i0938,r09,1,B
i0938,r02,1,B
i0939,r11,1,A
i0939,r06,1,A
i0939,r07,1,A
i0940,r05,0,A
i0940,r02,0,A
i0940,r11,0,A
i0941,r02,0,A
i0941,r07,0,A
i0941,r06,0,A
i0942,r02,0,A
i0942,r09,1,A
i0942,r11,1,A
i0943,r05,1,A
i0943,r02,0,A
i0943,r11,1,A
i0944,r10,1,B
i0944,r06,0,B
i0944,r08,1,B
i0945,r06,1,B
i0945,r09,0,B
i0945,r07,0,B
i0946,r05,0,A
i0946,r09,0,A
i0946,r06,0,A
i0947,r06,1,A
i0947,r07,0,A
i0947,r09,0,A
i0948,r11,0,A
i0948,r10,1,A
i0948,r09,1,A
i0949,r09,0,A
i0949,r05,0,A
i0949,r11,0,A
i0950,r10,1,A
i0950,r02,1,A
i0950,r05,1,A
i0951,r04,0,B
i0951,r05,1,B
i0951,r10,0,B
i0952,r05,1,A
i0952,r11,1,A
i0952,r07,1,A
i0953,r11,1,B
i0953,r08,0,B
i0953,r10,1,B
i0954,r05,1,A
i0954,r01,1,A
i0954,r06,1,A
i0955,r09,0,B
i0955,r02,0,B
i0955,r04,0,B
i0956,r10,1,A
i0956,r01,1,A
i0956,r04,1,A
i0957,r02,1,A
i0957,r10,1,A
i0957,r04,1,A
i0958,r07,1,A
i0958,r08,1,A
i0958,r10,1,A
i0959,r11,0,B
i0959,r10,0,B
i0959,r05,0,B
i0960,r10,1,A
i0960,r09,1,A
i0960,r03,1,A
i0961,r08,0,A
i0961,r11,0,A
i0961,r09,0,A
i0962,r06,0,B
i0962,r08,0,B
i0962,r02,1,B
i0963,r11,1,A
i0963,r01,1,A
i0963,r03,1,A
i0964,r07,0,B
i0964,r11,0,B
i0964,r08,1,B
i0965,r10,0,A
i0965,r11,0,A
i0965,r04,0,A
i0966,r11,0,A
i0966,r05,0,A
i0966,r03,0,A
i0967,r08,1,A
i0967,r01,1,A
i0967,r07,1,A
i0968,r08,1,A
i0968,r06,1,A
i0968,r04,1,A
i0969,r11,0,A
i0969,r08,1,A
i0969,r09,1,A
i0970,r06,1,B
i0970,r10,1,B
i0970,r02,1,B
i0971,r04,0,A
i0971,r08,1,A
i0971,r02,0,A
i0972,r06,1,A
i0972,r01,0,A
i0972,r05,1,A
i0973,r10,1,A
i0973,r11,1,A
i0973,r03,1,A
i0974,r09,0,A
i0974,r11,0,A
i0974,r07,0,A
i0975,r10,0,A
i0975,r08,0,A
i0975,r04,1,A
i0976,r01,0,A
i0976,r06,0,A
i0976,r05,0,A
i0977,r04,1,A
i0977,r08,1,A
i0977,r05,1,A
i0978,r10,1,A
i0978,r11,1,A
i0978,r07,1,A
i0979,r07,1,A
i0979,r04,1,A
i0979,r08,1,A
i0980,r03,1,A
i0980,r06,0,A
i0980,r04,1,A
i0981,r08,0,A
i0981,r11,1,A
i0981,r05,0,A
i0982,r06,1,A
i0982,r09,1,A
i0982,r11,1,A
i0983,r03,1,B
i0983,r02,1,B
i0983,r05,1,B
i0984,r08,1,A
i0984,r01,0,A
i0984,r05,1,A
i0985,r09,0,A
i0985,r11,0,A
i0985,r10,0,A
i0986,r07,0,A
i0986,r08,0,A
i0986,r03,0,A
i0987,r02,1,A
i0987,r11,1,A
i0987,r08,1,A
i0988,r04,1,B
i0988,r07,1,B
i0988,r01,1,B
i0989,r08,0,A
i0989,r04,1,A
i0989,r02,0,A
i0990,r04,0,A
i0990,r08,0,A
i0990,r09,0,A
i0991,r03,0,B
i0991,r07,0,B
i0991,r11,0,B
i0992,r06,1,A
i0992,r11,1,A
i0992,r01,1,A
i0993,r08,0,A
i0993,r06,0,A
i0993,r02,0,A
i0994,r06,0,A
i0994,r05,0,A
i0994,r10,1,A
i0995,r10,1,A
i0995,r05,1,A
i0995,r09,0,A
i0996,r08,0,A
i0996,r05,0,A
i0996,r09,0,A
i0997,r02,0,B
i0997,r04,1,B
i0997,r08,1,B
i0998,r06,0,A
i0998,r02,0,A
i0998,r11,0,A
i0999,r01,1,B
i0999,r08,1,B
i0999,r05,1,B
i1000,r07,0,A
i1000,r09,0,A
i1000,r06,0,A
i1001,r07,1,A
i1001,r08,1,A
i1001,r05,1,A
i1002,r06,0,A
i1002,r03,0,A
i1002,r11,0,A
i1003,r09,1,A
i1003,r04,1,A
i1003,r11,1,A
i1004,r04,1,B
i1004,r06,1,B
i1004,r03,1,B
i1005,r09,1,A
i1005,r02,1,A
i1005,r11,1,A
i1006,r10,0,A
i1006,r07,0,A
i1006,r08,1,A
i1007,r04,1,B
i1007,r09,0,B
i1007,r11,1,B
i1008,r01,0,B
i1008,r07,0,B
i1008,r03,0,B
i1009,r06,1,A
i1009,r02,1,A
i1009,r07,1,A
i1010,r04,1,A
i1010,r11,1,A
i1010,r02,1,A
i1011,r09,0,B
i1011,r05,1,B
i1011,r07,0,B
i1012,r04,1,B
i1012,r09,1,B
i1012,r11,1,B
i1013,r03,0,A
i1013,r08,0,A
i1013,r06,0,A
i1014,r10,0,B
i1014,r06,1,B
i1014,r03,1,B
i1015,r01,0,B
i1015,r05,1,B
i1015,r07,0,B
i1016,r05,1,A
i1016,r09,1,A
i1016,r11,1,A
i1017,r08,0,A
i1017,r05,0,A
i1017,r03,0,A
i1018,r07,0,A
i1018,r05,0,A
i1018,r04,0,A
i1019,r05,0,B
i1019,r02,0,B
i1019,r08,0,B
i1020,r04,1,A
i1020,r06,1,A
i1020,r03,1,A
i1021,r07,0,A
i1021,r09,0,A
i1021,r02,0,A
i1022,r08,0,A
i1022,r05,0,A
i1022,r01,1,A
i1023,r11,0,A
i1023,r10,0,A
i1023,r09,0,A
i1024,r09,0,A
i1024,r07,0,A
i1024,r08,0,A
i1025,r07,0,B
i1025,r04,0,B
i1025,r06,0,B
i1026,r05,0,A
i1026,r11,0,A
i1026,r09,0,A
i1027,r09,0,A
i1027,r03,0,A
i1027,r01,0,A
i1028,r11,0,A
i1028,r01,0,A
i1028,r03,0,A
i1029,r06,1,A
i1029,r10,1,A
i1029,r07,1,A
i1030,r08,1,A
i1030,r01,1,A
i1030,r10,1,A
i1031,r02,0,A
i1031,r03,0,A
i1031,r05,0,A
i1032,r06,1,A
i1032,r08,1,A
i1032,r07,1,A
i1033,r03,0,B
i1033,r01,0,B
i1033,r04,0,B
i1034,r04,0,B
i1034,r08,0,B
i1034,r11,0,B
i1035,r11,1,A
i1035,r05,0,A
i1035,r10,1,A
i1036,r07,1,B
i1036,r08,1,B
i1036,r09,1,B
i1037,r03,0,A
i1037,r08,0,A
i1037,r07,0,A
i1038,r06,0,A
i1038,r04,0,A
i1038,r02,0,A
i1039,r03,1,B
i1039,r09,0,B
i1039,r07,0,B
i1040,r08,1,B
i1040,r03,1,B
i1040,r02,0,B
i1041,r05,0,B
i1041,r04,0,B
i1041,r03,0,B
i1042,r07,1,B
i1042,r11,1,B
i1042,r10,1,B
i1043,r10,0,A
i1043,r09,0,A
i1043,r03,0,A
i1044,r08,1,A
i1044,r02,1,A
i1044,r04,1,A
i1045,r07,0,A
i1045,r06,1,A
i1045,r02,1,A
i1046,r07,0,B
i1046,r06,0,B
i1046,r10,1,B
i1047,r06,0,A
i1047,r09,0,A
i1047,r07,0,A
i1048,r02,1,A
i1048,r09,1,A
i1048,r04,1,A
i1049,r07,1,A
i1049,r06,1,A
i1049,r04,1,A
i1050,r07,0,B
i1050,r09,0,B
i1050,r02,0,B
i1051,r08,0,A
i1051,r04,0,A
i1051,r02,0,A
i1052,r07,0,A
i1052,r08,0,A
i1052,r10,0,A
i1053,r04,1,A
i1053,r07,0,A
i1053,r09,0,A
i1054,r10,1,A
i1054,r06,1,A
i1054,r11,1,A
i1055,r08,0,A
i1055,r02,1,A
i1055,r03,1,A
i1056,r01,0,A
i1056,r05,1,A
i1056,r08,1,A
i1057,r02,1,B
i1057,r05,0,B
i1057,r10,0,B
i1058,r10,0,A
i1058,r07,0,A
i1058,r03,0,A
i1059,r01,1,A
i1059,r06,1,A
i1059,r10,1,A
i1060,r08,1,A
i1060,r05,1,A
i1060,r07,1,A
i1061,r08,0,A
i1061,r07,0,A
i1061,r06,0,A
i1062,r06,0,A
i1062,r01,0,A
i1062,r07,0,A
i1063,r04,1,A
i1063,r05,1,A
i1063,r10,1,A
i1064,r04,0,A
i1064,r07,0,A
i1064,r05,0,A
i1065,r08,0,A
i1065,r03,1,A
i1065,r07,0,A
i1066,r11,1,A
i1066,r01,1,A
i1066,r04,1,A
i1067,r06,1,B
i1067,r07,1,B
i1067,r01,1,B
i1068,r08,1,A
i1068,r11,1,A
i1068,r05,1,A
i1069,r10,0,A
i1069,r04,0,A
i1069,r02,0,A
i1070,r02,0,A
i1070,r04,0,A
i1070,r05,0,A
i1071,r05,1,A
i1071,r04,1,A
i1071,r01,1,A
i1072,r04,1,A
i1072,r09,1,A
i1072,r08,1,A
i1073,r11,1,A
i1073,r07,1,A
i1073,r04,1,A
i1074,r11,0,A
i1074,r05,0,A
i1074,r01,0,A
i1075,r04,1,A
i1075,r11,0,A
i1075,r03,0,A
i1076,r06,0,A
i1076,r07,0,A
i1076,r01,0,A
i1077,r05,0,A
i1077,r09,0,A
i1077,r07,0,A
i1078,r03,1,A
i1078,r09,0,A
i1078,r08,0,A
i1079,r02,0,A
i1079,r09,0,A
i1079,r07,0,A
i1080,r09,1,A
i1080,r07,1,A
i1080,r04,1,A
i1081,r08,0,B
i1081,r10,0,B
i1081,r07,1,B
i1082,r06,1,A
i1082,r02,1,A
i1082,r08,1,A
i1083,r01,0,A
i1083,r10,0,A
i1083,r02,0,A
i1084,r08,1,B
i1084,r07,0,B
i1084,r03,0,B
i1085,r04,1,A
i1085,r06,1,A
i1085,r03,1,A
i1086,r03,0,B
i1086,r05,0,B
i1086,r10,0,B
i1087,r07,1,A
i1087,r05,1,A
i1087,r01,1,A
i1088,r09,0,B
i1088,r05,0,B
i1088,r04,1,B
i1089,r02,0,A
i1089,r09,0,A
i1089,r01,0,A
i1090,r10,0,A
i1090,r03,0,A
i1090,r04,0,A
i1091,r02,1,A
i1091,r04,1,A
i1091,r03,1,A
i1092,r02,1,A
i1092,r05,1,A
i1092,r10,1,A
i1093,r06,0,A
i1093,r07,0,A
i1093,r02,0,A
i1094,r03,0,A
i1094,r06,0,A
i1094,r08,1,A
i1095,r08,0,A
i1095,r02,0,A
i1095,r11,0,A
i1096,r02,1,B
i1096,r06,1,B
i1096,r08,0,B
i1097,r10,1,A
i1097,r09,1,A
i1097,r06,1,A
i1098,r10,1,A
i1098,r08,1,A
i1098,r03,1,A
i1099,r07,1,B
i1099,r11,1,B
i1099,r10,1,B
i1100,r03,0,A
i1100,r01,0,A
i1100,r09,0,A
i1101,r05,0,A
i1101,r06,0,A
i1101,r10,0,A
i1102,r07,1,A
i1102,r08,1,A
i1102,r09,1,A
i1103,r10,1,A
i1103,r04,1,A
i1103,r03,1,A
i1104,r11,1,A
i1104,r09,1,A
i1104,r01,1,A
i1105,r08,1,A
i1105,r06,1,A
i1105,r09,1,A
i1106,r10,1,B
i1106,r02,1,B
i1106,r03,1,B
i1107,r02,1,B
i1107,r10,0,B
i1107,r04,0,B
i1108,r02,1,A
i1108,r05,1,A
i1108,r07,1,A
i1109,r05,0,A
i1109,r04,0,A
i1109,r11,0,A
i1110,r08,0,B
i1110,r04,0,B
i1110,r10,1,B
i1111,r04,1,A
i1111,r01,1,A
i1111,r10,1,A
i1112,r11,1,A
i1112,r05,0,A
i1112,r09,0,A
i1113,r07,1,A
i1113,r04,1,A
i1113,r11,1,A
i1114,r08,0,A
i1114,r10,0,A
i1114,r11,0,A
i1115,r07,0,A
i1115,r01,0,A
i1115,r03,0,A
i1116,r01,0,B
i1116,r07,0,B
i1116,r02,0,B
i1117,r04,0,A
i1117,r01,0,A
i1117,r02,0,A
i1118,r06,1,A
i1118,r07,1,A
i1118,r02,1,A
i1119,r04,1,A
i1119,r07,1,A
i1119,r11,1,A
i1120,r11,0,A
i1120,r09,0,A
i1120,r08,0,A
i1121,r09,1,B
i1121,r11,1,B
i1121,r03,0,B
i1122,r07,0,A
i1122,r01,0,A
i1122,r02,0,A
i1123,r06,0,A
i1123,r10,0,A
i1123,r02,0,A
i1124,r07,1,A
i1124,r06,1,A
i1124,r09,1,A
i1125,r04,1,A
i1125,r03,0,A
i1125,r02,0,A
i1126,r05,1,A
i1126,r09,1,A
i1126,r03,0,A
i1127,r09,0,B
i1127,r07,0,B
i1127,r06,0,B
i1128,r05,0,A
i1128,r11,0,A
i1128,r03,0,A
i1129,r10,1,B
i1129,r08,1,B
i1129,r09,0,B
i1130,r02,0,A
i1130,r08,0,A
i1130,r01,0,A
i1131,r04,1,A
i1131,r10,1,A
i1131,r02,1,A
i1132,r04,1,A
i1132,r10,1,A
i1132,r08,1,A
i1133,r04,1,A
i1133,r10,1,A
i1133,r05,1,A
i1134,r09,1,A
i1134,r10,1,A
i1134,r08,1,A
i1135,r10,0,B
i1135,r01,1,B
i1135,r07,0,B
i1136,r04,1,B
i1136,r02,0,B
i1136,r11,0,B
i1137,r02,1,A
i1137,r10,1,A
i1137,r04,0,A
i1138,r10,0,A
i1138,r01,1,A
i1138,r05,1,A
i1139,r06,1,A
i1139,r02,1,A
i1139,r11,1,A
i1140,r02,1,A
i1140,r08,1,A
i1140,r11,0,A
i1141,r06,1,A
i1141,r02,1,A
i1141,r04,1,A
i1142,r08,0,A
i1142,r07,0,A
i1142,r02,0,A
i1143,r06,1,A
i1143,r10,1,A
i1143,r04,1,A
i1144,r07,1,B
i1144,r04,0,B
i1144,r05,0,B
i1145,r08,1,A
i1145,r07,1,A
i1145,r01,1,A
i1146,r10,1,A
i1146,r05,1,A
i1146,r11,1,A
i1147,r01,1,A
i1147,r07,1,A
i1147,r08,1,A
i1148,r07,0,B
i1148,r02,1,B
i1148,r08,0,B
i1149,r04,0,A
i1149,r08,0,A
i1149,r02,0,A
i1150,r05,0,A
i1150,r04,0,A
i1150,r08,0,A
i1151,r09,0,A
i1151,r07,0,A
i1151,r03,0,A
i1152,r11,0,A
i1152,r03,0,A
i1152,r06,0,A
i1153,r06,1,A
i1153,r02,1,A
i1153,r05,1,A
i1154,r05,1,A
i1154,r04,1,A
i1154,r01,1,A
i1155,r01,0,A
i1155,r04,0,A
i1155,r02,0,A
i1156,r08,0,A
i1156,r02,0,A
i1156,r04,0,A
i1157,r05,1,A
i1157,r11,1,A
i1157,r07,0,A
i1158,r04,0,A
i1158,r03,0,A
i1158,r01,0,A
i1159,r08,1,A
i1159,r11,1,A
i1159,r10,0,A
i1160,r09,1,A
i1160,r03,1,A
i1160,r05,1,A
i1161,r06,1,A
i1161,r05,1,A
i1161,r07,1,A
i1162,r10,1,A
i1162,r01,1,A
i1162,r04,1,A
i1163,r07,1,A
i1163,r05,1,A
i1163,r04,1,A
i1164,r10,0,B
i1164,r03,1,B
i1164,r11,0,B
i1165,r09,1,A
i1165,r08,1,A
i1165,r01,1,A
i1166,r08,0,A
i1166,r01,0,A
i1166,r09,0,A
i1167,r10,1,A
i1167,r05,1,A
i1167,r01,1,A
i1168,r10,0,A
i1168,r07,0,A
i1168,r11,0,A
i1169,r05,1,A
i1169,r01,1,A
i1169,r03,1,A
i1170,r08,1,B
i1170,r02,1,B
i1170,r04,1,B
i1171,r03,0,A
i1171,r09,0,A
i1171,r02,1,A
i1172,r03,0,B
i1172,r07,0,B
i1172,r05,1,B
i1173,r01,0,A
i1173,r02,0,A
i1173,r04,0,A
i1174,r07,1,A
i1174,r09,1,A
i1174,r05,1,A
i1175,r07,0,A
i1175,r02,0,A
i1175,r05,0,A
i1176,r11,0,B
i1176,r04,0,B
i1176,r07,0,B
i1177,r04,1,A
i1177,r09,1,A
i1177,r05,1,A
i1178,r03,1,A
i1178,r11,1,A
i1178,r01,1,A
i1179,r10,0,B
i1179,r11,0,B
i1179,r04,1,B
i1180,r07,0,A
i1180,r02,0,A
i1180,r05,0,A
i1181,r03,1,B
i1181,r11,1,B
i1181,r04,0,B
i1182,r03,0,A
i1182,r02,0,A
i1182,r11,0,A
i1183,r04,0,A
i1183,r01,0,A
i1183,r10,0,A
i1184,r08,1,A
i1184,r11,1,A
i1184,r04,1,A
i1185,r11,1,A
i1185,r09,1,A
i1185,r03,1,A
i1186,r08,1,B
i1186,r11,1,B
i1186,r05,1,B
i1187,r01,0,A
i1187,r02,1,A
i1187,r07,0,A
i1188,r01,1,A
i1188,r04,1,A
i1188,r11,1,A
i1189,r05,1,A
i1189,r06,1,A
i1189,r09,1,A
i1190,r09,1,B
i1190,r06,1,B
i1190,r07,1,B
i1191,r01,1,A
i1191,r07,1,A
i1191,r04,1,A
i1192,r02,0,A
i1192,r03,0,A
i1192,r08,0,A
i1193,r11,1,A
i1193,r02,1,A
i1193,r04,1,A
i1194,r10,1,A
i1194,r02,1,A
i1194,r01,1,A
i1195,r03,0,A
i1195,r07,0,A
i1195,r01,0,A
i1196,r06,0,A
i1196,r04,0,A
i1196,r01,0,A
i1197,r06,0,A
i1197,r09,0,A
i1197,r04,0,A
i1198,r01,0,B
i1198,r08,0,B
i1198,r04,0,B
i1199,r06,1,B
i1199,r01,1,B
i1199,r03,0,B
i1200,r09,0,B
i1200,r10,0,B
i1200,r04,0,B
i1201,r07,0,A
i1201,r08,0,A
i1201,r05,0,A
i1202,r06,1,A
i1202,r04,1,A
i1202,r05,1,A
i1203,r01,0,A
i1203,r02,0,A
i1203,r05,0,A
i1204,r05,0,A
i1204,r11,0,A
i1204,r02,0,A
i1205,r10,1,A
i1205,r04,1,A
i1205,r01,1,A
i1206,r01,0,A
i1206,r09,0,A
i1206,r10,0,A
i1207,r11,1,B
i1207,r01,1,B
i1207,r06,1,B
i1208,r04,1,A
i1208,r09,1,A
i1208,r10,1,A
i1209,r09,0,A
i1209,r01,0,A
i1209,r04,0,A
i1210,r05,1,A
i1210,r09,1,A
i1210,r07,1,A
i1211,r09,1,B
i1211,r08,0,B
i1211,r04,0,B
i1212,r02,0,A
i1212,r03,0,A
i1212,r05,0,A
i1213,r08,1,A
i1213,r07,1,A
i1213,r03,1,A
i1214,r11,0,A
i1214,r10,0,A
i1214,r09,0,A
i1215,r09,1,A
i1215,r07,1,A
i1215,r08,1,A
i1216,r05,0,A
i1216,r07,0,A
i1216,r06,0,A
i1217,r04,1,A
i1217,r05,1,A
i1217,r06,1,A
i1218,r07,0,A
i1218,r01,0,A
i1218,r02,0,A
i1219,r08,1,B
i1219,r10,1,B
i1219,r03,1,B
i1220,r02,1,A
i1220,r10,1,A
i1220,r04,1,A
i1221,r06,1,B
i1221,r11,0,B
i1221,r01,1,B
i1222,r09,1,A
i1222,r08,1,A
i1222,r11,0,A
i1223,r02,0,A
i1223,r03,0,A
i1223,r09,0,A
i1224,r04,0,A
i1224,r11,0,A
i1224,r08,0,A
i1225,r11,1,A
i1225,r09,1,A
i1225,r01,1,A
i1226,r01,0,A
i1226,r05,0,A
i1226,r07,0,A
i1227,r04,1,A
i1227,r08,1,A
i1227,r11,1,A
i1228,r06,0,A
i1228,r08,0,A
i1228,r02,0,A
i1229,r04,0,A
i1229,r03,0,A
i1229,r06,1,A
i1230,r01,0,A
i1230,r02,0,A
i1230,r10,1,A
i1231,r06,1,A
i1231,r11,1,A
i1231,r05,1,A
i1232,r02,0,B
i1232,r06,1,B
i1232,r04,1,B
i1233,r11,0,A
i1233,r04,0,A
i1233,r02,0,A
i1234,r04,0,B
i1234,r05,1,B
i1234,r03,1,B
i1235,r03,1,B
i1235,r04,0,B
i1235,r07,1,B
i1236,r05,0,A
i1236,r09,0,A
i1236,r04,0,A
i1237,r01,1,A
i1237,r07,1,A
i1237,r03,1,A
i1238,r03,0,A
i1238,r05,1,A
i1238,r07,0,A
i1239,r06,1,A
i1239,r05,1,A
i1239,r11,1,A
i1240,r03,0,B
i1240,r05,0,B
i1240,r04,0,B
i1241,r01,1,B
i1241,r04,1,B
i1241,r06,1,B
i1242,r08,0,A
i1242,r07,1,A
i1242,r01,1,A
i1243,r04,0,B
i1243,r02,0,B
i1243,r03,0,B
i1244,r05,0,A
i1244,r03,0,A
i1244,r10,0,A
i1245,r11,0,A
i1245,r09,0,A
i1245,r02,0,A
i1246,r10,1,A
i1246,r04,1,A
i1246,r03,0,A
i1247,r06,1,A
i1247,r04,1,A
i1247,r01,1,A
i1248,r03,1,B
i1248,r08,0,B
i1248,r04,0,B
i1249,r01,0,B
i1249,r11,1,B
i1249,r07,1,B
i1250,r10,0,A
i1250,r02,0,A
i1250,r08,0,A
i1251,r03,1,B
i1251,r10,1,B
i1251,r07,1,B
i1252,r06,1,A
i1252,r01,1,A
i1252,r03,1,A
i1253,r04,1,B
i1253,r09,1,B
i1253,r03,1,B
i1254,r09,1,A
i1254,r05,1,A
i1254,r11,1,A
i1255,r05,1,B
i1255,r02,1,B
i1255,r01,1,B
i1256,r05,1,A
i1256,r10,1,A
i1256,r09,1,A
i1257,r09,0,A
i1257,r08,0,A
i1257,r02,0,A
i1258,r05,0,A
i1258,r04,0,A
i1258,r11,0,A
i1259,r11,1,A
i1259,r04,1,A
i1259,r01,1,A
i1260,r04,1,A
i1260,r06,1,A
i1260,r08,1,A
i1261,r06,1,A
i1261,r02,1,A
i1261,r05,1,A
i1262,r10,1,B
i1262,r08,0,B
i1262,r03,1,B
i1263,r09,1,A
i1263,r05,1,A
i1263,r11,1,A
i1264,r01,0,A
i1264,r11,0,A
i1264,r09,0,A
i1265,r06,1,B
i1265,r11,1,B
i1265,r02,1,B
i1266,r09,0,A
i1266,r10,0,A
i1266,r07,0,A
i1267,r02,1,B
i1267,r09,0,B
i1267,r10,1,B
i1268,r05,0,A
i1268,r07,0,A
i1268,r08,0,A
i1269,r09,0,A
i1269,r11,0,A
i1269,r05,0,A
i1270,r11,1,A
i1270,r09,1,A
i1270,r08,1,A
i1271,r03,0,A
i1271,r01,0,A
i1271,r09,0,A
i1272,r06,0,A
i1272,r03,0,A
i1272,r02,0,A
i1273,r10,1,A
i1273,r03,1,A
i1273,r09,1,A
i1274,r09,0,A
i1274,r11,0,A
i1274,r01,0,A
i1275,r02,1,A
i1275,r11,0,A
i1275,r01,1,A
i1276,r09,1,A
i1276,r11,1,A
i1276,r07,1,A
i1277,r04,1,A
i1277,r09,1,A
i1277,r07,1,A
i1278,r02,1,A
i1278,r11,1,A
i1278,r01,1,A
i1279,r10,1,A
i1279,r06,1,A
i1279,r05,1,A
i1280,r06,1,B
i1280,r07,1,B
i1280,r02,0,B
i1281,r06,1,B
i1281,r01,0,B
i1281,r02,0,B
i1282,r08,1,A
i1282,r05,1,A
i1282,r01,1,A
i1283,r10,0,A
i1283,r11,0,A
i1283,r09,0,A
i1284,r05,1,A
i1284,r11,1,A
i1284,r03,1,A
i1285,r10,0,A
i1285,r08,1,A
i1285,r06,1,A
i1286,r11,1,A
i1286,r05,1,A
i1286,r01,1,A
i1287,r11,1,A
i1287,r03,1,A
i1287,r08,1,A
i1288,r06,1,A
i1288,r04,1,A
i1288,r11,1,A
i1289,r03,0,A
i1289,r04,0,A
i1289,r07,1,A
i1290,r09,0,A
i1290,r10,0,A
i1290,r08,0,A
i1291,r04,0,A
i1291,r11,0,A
i1291,r08,0,A
i1292,r04,0,A
i1292,r05,0,A
i1292,r07,0,A
i1293,r07,0,A
i1293,r10,0,A
i1293,r04,0,A
i1294,r05,1,B
i1294,r09,0,B
i1294,r01,0,B
i1295,r11,0,A
i1295,r05,0,A
i1295,r02,0,A
i1296,r05,1,A
i1296,r07,1,A
i1296,r09,1,A
i1297,r05,0,A
i1297,r03,0,A
i1297,r06,0,A
i1298,r05,1,A
i1298,r11,1,A
i1298,r02,1,A
i1299,r08,0,A
i1299,r09,0,A
i1299,r02,0,A
i1300,r05,0,A
i1300,r10,0,A
i1300,r09,0,A
i1301,r10,0,A
i1301,r08,0,A
i1301,r02,0,A
i1302,r05,1,A
i1302,r11,1,A
i1302,r08,1,A
i1303,r09,0,A
i1303,r08,0,A
i1303,r11,0,A
i1304,r05,1,A
i1304,r09,1,A
i1304,r10,1,A
i1305,r11,0,B
i1305,r05,0,B
i1305,r09,0,B
i1306,r06,1,B
i1306,r04,1,B
i1306,r02,0,B
i1307,r10,1,A
i1307,r03,0,A
i1307,r06,0,A
i1308,r06,1,A
i1308,r08,1,A
i1308,r05,1,A
i1309,r11,0,A
i1309,r02,0,A
i1309,r08,0,A
i1310,r04,0,A
i1310,r03,0,A
i1310,r08,0,A
i1311,r08,0,A
i1311,r11,0,A
i1311,r05,0,A
i1312,r07,1,B
i1312,r11,1,B
i1312,r10,0,B
i1313,r10,1,A
i1313,r08,1,A
i1313,r07,1,A
i1314,r06,1,A
i1314,r05,1,A
i1314,r03,1,A
i1315,r08,1,A
i1315,r03,1,A
i1315,r04,1,A
i1316,r09,0,A
i1316,r10,0,A
i1316,r02,0,A
i1317,r07,0,B
i1317,r04,0,B
i1317,r08,1,B
i1318,r10,0,A
i1318,r02,0,A
i1318,r09,0,A
i1319,r01,0,A
i1319,r07,1,A
i1319,r11,0,A
i1320,r01,0,A
i1320,r08,0,A
i1320,r06,0,A
i1321,r04,1,A
i1321,r06,0,A
i1321,r08,0,A
i1322,r08,0,B
i1322,r02,1,B
i1322,r03,0,B
i1323,r04,1,A
i1323,r01,1,A
i1323,r11,1,A
i1324,r07,1,A
i1324,r10,1,A
i1324,r04,1,A
i1325,r08,0,A
i1325,r01,0,A
i1325,r04,0,A
i1326,r01,0,A
i1326,r11,0,A
i1326,r09,0,A
i1327,r11,0,B
i1327,r04,0,B
i1327,r05,0,B
i1328,r04,1,A
i1328,r11,1,A
i1328,r02,1,A
i1329,r03,1,A
i1329,r05,1,A
i1329,r08,1,A
i1330,r08,1,A
i1330,r04,0,A
i1330,r01,1,A
i1331,r09,1,A
i1331,r04,1,A
i1331,r06,1,A
i1332,r08,0,A
i1332,r07,1,A
i1332,r09,1,A
i1333,r08,1,A
i1333,r09,1,A
i1333,r10,0,A
i1334,r06,0,A
i1334,r02,0,A
i1334,r05,1,A
i1335,r03,0,A
i1335,r06,0,A
i1335,r11,0,A
i1336,r06,0,A
i1336,r05,0,A
i1336,r08,0,A
i1337,r07,1,A
i1337,r06,0,A
i1337,r09,0,A
i1338,r11,1,A
i1338,r04,1,A
i1338,r10,1,A
i1339,r11,0,A
i1339,r07,0,A
i1339,r08,0,A
i1340,r11,0,A
i1340,r01,1,A
i1340,r09,1,A
i1341,r09,1,A
i1341,r03,1,A
i1341,r08,1,A
i1342,r10,0,A
i1342,r05,0,A
i1342,r01,0,A
i1343,r03,1,A
i1343,r01,1,A
i1343,r09,1,A
i1344,r02,0,B
i1344,r03,1,B
i1344,r08,1,B
i1345,r09,0,A
i1345,r01,0,A
i1345,r06,0,A
i1346,r11,0,B
i1346,r10,0,B
i1346,r02,0,B
i1347,r05,0,A
i1347,r02,0,A
i1347,r08,0,A
i1348,r09,1,B
i1348,r05,1,B
i1348,r02,1,B
i1349,r10,0,A
i1349,r01,0,A
i1349,r03,0,A
i1350,r06,1,A
i1350,r01,1,A
i1350,r02,1,A
i1351,r06,1,A
i1351,r03,0,A
i1351,r07,0,A
i1352,r09,0,B
i1352,r10,0,B
i1352,r03,0,B
i1353,r08,0,A
i1353,r01,0,A
i1353,r05,0,A
i1354,r03,0,B
i1354,r06,1,B
i1354,r08,0,B
i1355,r06,0,A
i1355,r09,0,A
i1355,r07,0,A
i1356,r03,1,B
i1356,r04,1,B
i1356,r11,0,B
i1357,r01,1,A
i1357,r04,1,A
i1357,r07,1,A
i1358,r06,0,A
i1358,r09,0,A
i1358,r10,0,A
i1359,r11,0,B
i1359,r05,0,B
i1359,r03,0,B
i1360,r09,0,A
i1360,r05,0,A
i1360,r01,0,A
i1361,r09,1,A
i1361,r05,1,A
i1361,r07,1,A
i1362,r03,1,A
i1362,r09,1,A
i1362,r11,1,A
i1363,r03,0,A
i1363,r08,0,A
i1363,r01,0,A
i1364,r02,0,A
i1364,r09,0,A
i1364,r06,0,A
i1365,r02,0,A
i1365,r07,0,A
i1365,r09,0,A
i1366,r04,1,B
i1366,r09,1,B
i1366,r07,0,B
i1367,r07,0,A
i1367,r04,0,A
i1367,r01,0,A
i1368,r07,0,A
i1368,r08,0,A
i1368,r05,0,A
i1369,r08,0,A
i1369,r05,0,A
i1369,r06,0,A
i1370,r08,1,A
i1370,r02,0,A
i1370,r04,0,A
i1371,r05,1,A
i1371,r07,1,A
i1371,r08,1,A
i1372,r09,0,B
i1372,r08,0,B
i1372,r05,0,B
i1373,r08,0,A
i1373,r07,0,A
i1373,r02,0,A
i1374,r05,1,A
i1374,r09,1,A
i1374,r07,1,A
i1375,r09,0,A
i1375,r06,0,A
i1375,r10,0,A
i1376,r06,0,A
i1376,r02,0,A
i1376,r07,0,A
i1377,r03,1,A
i1377,r08,1,A
i1377,r05,1,A
i1378,r01,0,A
i1378,r04,0,A
i1378,r07,0,A
i1379,r04,1,A
i1379,r05,1,A
i1379,r09,1,A
i1380,r08,0,A
i1380,r02,0,A
i1380,r09,0,A
i1381,r04,0,B
i1381,r11,0,B
i1381,r09,0,B
i1382,r07,0,A
i1382,r05,0,A
i1382,r09,0,A
i1383,r02,0,A
i1383,r06,0,A
i1383,r08,1,A
i1384,r09,1,A
i1384,r10,1,A
i1384,r02,1,A
i1385,r05,1,A
i1385,r01,1,A
i1385,r08,1,A
i1386,r05,1,A
i1386,r10,1,A
i1386,r01,1,A
i1387,r05,1,B
i1387,r11,0,B
i1387,r10,0,B
i1388,r08,1,A
i1388,r05,0,A
i1388,r01,1,A
i1389,r10,1,A
i1389,r08,1,A
i1389,r11,0,A
i1390,r06,1,A
i1390,r03,1,A
i1390,r04,1,A
i1391,r09,0,B
i1391,r05,0,B
i1391,r04,0,B
i1392,r03,1,A
i1392,r07,1,A
i1392,r02,1,A
i1393,r09,1,A
i1393,r01,1,A
i1393,r07,1,A
i1394,r05,0,A
i1394,r02,0,A
i1394,r03,0,A
i1395,r08,1,B
i1395,r10,1,B
i1395,r06,1,B
i1396,r04,1,A
i1396,r09,1,A
i1396,r11,1,A
i1397,r04,0,A
i1397,r07,0,A
i1397,r11,0,A
i1398,r10,1,B
i1398,r02,1,B
i1398,r07,0,B
i1399,r05,1,B
i1399,r03,1,B
i1399,r02,0,B
i1400,r08,1,A
i1400,r01,1,A
i1400,r07,1,A
i1401,r02,0,B
i1401,r05,0,B
i1401,r08,1,B
i1402,r11,0,A
i1402,r04,0,A
i1402,r10,0,A
i1403,r10,0,A
i1403,r11,0,A
i1403,r08,0,A
i1404,r09,0,A
i1404,r01,0,A
i1404,r07,0,A
i1405,r05,1,A
i1405,r01,1,A
i1405,r04,1,A
i1406,r10,0,A
i1406,r09,0,A
i1406,r02,0,A
i1407,r07,1,B
i1407,r11,1,B
i1407,r10,1,B
i1408,r06,1,A
i1408,r05,1,A
i1408,r09,1,A
i1409,r08,0,A
i1409,r09,0,A
i1409,r05,0,A
i1410,r03,1,A
i1410,r05,1,A
i1410,r07,0,A
i1411,r11,1,A
i1411,r02,1,A
i1411,r06,1,A
i1412,r02,0,A
i1412,r09,0,A
i1412,r04,0,A
i1413,r11,0,A
i1413,r09,0,A
i1413,r06,0,A
i1414,r08,0,A
i1414,r04,0,A
i1414,r03,0,A
i1415,r10,1,A
i1415,r01,1,A
i1415,r03,1,A
i1416,r09,1,A
i1416,r04,1,A
i1416,r02,1,A
i1417,r01,0,A
i1417,r06,0,A
i1417,r09,0,A
i1418,r07,1,B
i1418,r03,1,B
i1418,r09,0,B
i1419,r05,1,A
i1419,r03,1,A
i1419,r06,1,A
i1420,r10,0,A
i1420,r09,0,A
i1420,r01,0,A
i1421,r04,0,A
i1421,r07,0,A
i1421,r09,0,A
i1422,r05,0,A
i1422,r11,0,A
i1422,r02,0,A
i1423,r05,1,A
i1423,r09,1,A
i1423,r08,1,A
i1424,r07,0,A
i1424,r01,1,A
i1424,r04,0,A
i1425,r07,0,A
i1425,r03,0,A
i1425,r04,0,A
i1426,r10,0,B
i1426,r09,0,B
i1426,r04,0,B
i1427,r08,1,A
i1427,r06,1,A
i1427,r09,1,A
i1428,r06,0,B
i1428,r04,0,B
i1428,r02,0,B
i1429,r11,0,A
i1429,r05,1,A
i1429,r07,0,A
i1430,r02,0,A
i1430,r01,0,A
i1430,r06,0,A
i1431,r08,1,B
i1431,r05,1,B
i1431,r02,1,B
i1432,r06,1,A
i1432,r01,1,A
i1432,r08,0,A
i1433,r07,1,A
i1433,r05,1,A
i1433,r11,1,A
i1434,r08,1,A
i1434,r10,1,A
i1434,r03,1,A
i1435,r03,1,A
i1435,r10,1,A
i1435,r04,1,A
i1436,r08,1,A
i1436,r04,1,A
i1436,r09,1,A
i1437,r07,0,A
i1437,r11,0,A
i1437,r09,0,A
i1438,r10,1,A
i1438,r03,1,A
i1438,r01,1,A
i1439,r01,0,B
i1439,r09,0,B
i1439,r04,0,B
i1440,r06,1,A
i1440,r07,1,A
i1440,r05,1,A
i1441,r02,1,A
i1441,r11,1,A
i1441,r05,1,A
i1442,r08,1,A
i1442,r07,1,A
i1442,r06,1,A
i1443,r07,0,A
i1443,r08,0,A
i1443,r05,0,A
i1444,r10,0,B
i1444,r04,0,B
i1444,r11,0,B
i1445,r11,0,A
i1445,r08,0,A
i1445,r10,0,A
i1446,r05,1,B
i1446,r10,0,B
i1446,r09,0,B
i1447,r03,0,A
i1447,r05,1,A
i1447,r07,0,A
i1448,r10,0,A
i1448,r07,0,A
i1448,r01,0,A
i1449,r01,1,A
i1449,r08,1,A
i1449,r10,1,A
i1450,r03,0,A
i1450,r06,0,A
i1450,r02,0,A
i1451,r05,1,B
i1451,r06,0,B
i1451,r04,0,B
i1452,r11,0,B
i1452,r10,0,B
i1452,r07,0,B
i1453,r07,0,B
i1453,r04,0,B
i1453,r06,0,B
i1454,r07,1,A
i1454,r11,1,A
i1454,r06,1,A
i1455,r07,0,A
i1455,r01,0,A
i1455,r11,0,A
i1456,r03,1,A
i1456,r07,1,A
i1456,r02,1,A
i1457,r08,0,A
i1457,r02,0,A
i1457,r05,0,A
i1458,r03,1,A
i1458,r01,1,A
i1458,r09,1,A
i1459,r08,1,A
i1459,r07,0,A
i1459,r05,0,A
i1460,r03,0,B
i1460,r09,1,B
i1460,r02,0,B
i1461,r11,0,A
i1461,r01,0,A
i1461,r03,0,A
i1462,r07,0,B
i1462,r11,0,B
i1462,r09,1,B
i1463,r04,0,B
i1463,r07,0,B
i1463,r02,0,B
i1464,r08,1,A
i1464,r10,1,A
i1464,r03,1,A
i1465,r07,1,A
i1465,r04,1,A
i1465,r08,1,A
i1466,r08,1,B
i1466,r07,1,B
i1466,r06,1,B
i1467,r07,1,B
i1467,r10,1,B
i1467,r03,1,B
i1468,r07,1,A
i1468,r05,1,A
i1468,r03,1,A
i1469,r08,0,A
i1469,r11,0,A
i1469,r04,0,A
i1470,r05,1,B
i1470,r09,0,B
i1470,r08,1,B
i1471,r10,1,A
i1471,r09,1,A
i1471,r06,1,A
i1472,r08,0,A
i1472,r07,0,A
i1472,r02,0,A
i1473,r11,0,A
i1473,r02,0,A
i1473,r09,0,A
i1474,r04,1,A
i1474,r10,1,A
i1474,r08,1,A
i1475,r03,0,A
i1475,r05,0,A
i1475,r10,0,A
i1476,r06,1,A
i1476,r01,1,A
i1476,r08,1,A
i1477,r10,1,A
i1477,r01,1,A
i1477,r11,1,A
i1478,r02,0,A
i1478,r09,0,A
i1478,r10,0,A
i1479,r07,0,A
i1479,r05,0,A
i1479,r08,0,A
i1480,r07,1,B
i1480,r05,1,B
i1480,r09,0,B
i1481,r06,0,A
i1481,r01,0,A
i1481,r10,0,A
i1482,r07,0,B
i1482,r01,0,B
i1482,r02,0,B
i1483,r01,1,B
i1483,r04,0,B
i1483,r09,0,B
i1484,r05,1,B
i1484,r10,1,B
i1484,r03,1,B
i1485,r01,0,B
i1485,r11,1,B
i1485,r08,1,B
i1486,r05,1,A
i1486,r09,1,A
i1486,r10,1,A
i1487,r08,0,A
i1487,r09,1,A
i1487,r02,0,A
i1488,r04,1,A
i1488,r02,1,A
i1488,r03,1,A
i1489,r05,1,A
i1489,r04,1,A
i1489,r02,1,A
i1490,r07,0,A
i1490,r01,0,A
i1490,r11,0,A
i1491,r08,0,A
i1491,r09,0,A
i1491,r02,0,A
i1492,r02,1,A
i1492,r04,1,A
i1492,r07,1,A
i1493,r01,1,A
i1493,r06,1,A
i1493,r08,1,A
i1494,r06,0,A
i1494,r02,0,A
i1494,r09,0,A
i1495,r11,0,A
i1495,r08,0,A
i1495,r09,0,A
i1496,r05,0,B
i1496,r09,0,B
i1496,r08,0,B
i1497,r10,0,A
i1497,r08,1,A
i1497,r07,0,A
i1498,r07,1,A
i1498,r03,1,A
i1498,r02,1,A
i1499,r02,0,A
i1499,r11,0,A
i1499,r09,0,A
i1500,r11,1,A
i1500,r08,1,A
i1500,r06,1,A
i1501,r07,0,A
i1501,r01,0,A
i1501,r02,0,A
i1502,r03,0,B
i1502,r01,0,B
i1502,r11,0,B
i1503,r02,1,B
i1503,r04,1,B
i1503,r01,0,B
i1504,r06,0,A
i1504,r07,0,A
i1504,r02,0,A
i1505,r02,1,A
i1505,r11,1,A
i1505,r09,1,A
i1506,r08,0,A
i1506,r04,0,A
i1506,r06,0,A
i1507,r09,0,A
i1507,r05,0,A
i1507,r04,0,A
i1508,r03,1,A
i1508,r01,1,A
i1508,r11,1,A
i1509,r03,0,B
i1509,r08,0,B
i1509,r04,0,B
i1510,r11,0,A
i1510,r03,0,A
i1510,r04,0,A
i1511,r09,0,A
i1511,r08,0,A
i1511,r01,0,A
i1512,r11,0,A
i1512,r02,0,A
i1512,r01,0,A
i1513,r02,0,A
i1513,r06,0,A
i1513,r09,0,A
i1514,r03,0,A
i1514,r10,0,A
i1514,r11,0,A
i1515,r06,0,A
i1515,r08,0,A
i1515,r04,1,A
i1516,r08,0,A
i1516,r09,0,A
i1516,r04,0,A
i1517,r03,1,A
i1517,r06,0,A
i1517,r08,1,A
i1518,r11,0,A
i1518,r05,0,A
i1518,r03,0,A
i1519,r02,1,B
i1519,r08,1,B
i1519,r04,1,B
i1520,r06,1,B
i1520,r09,1,B
i1520,r07,1,B
i1521,r09,0,B
i1521,r08,0,B
i1521,r01,0,B
i1522,r02,0,A
i1522,r11,0,A
i1522,r01,0,A
i1523,r09,1,A
i1523,r02,1,A
i1523,r07,1,A
i1524,r06,1,A
i1524,r10,1,A
i1524,r04,1,A
i1525,r07,0,B
i1525,r02,0,B
i1525,r11,0,B
i1526,r11,1,A
i1526,r01,1,A
i1526,r03,1,A
i1527,r03,0,A
i1527,r11,0,A
i1527,r05,0,A
i1528,r02,1,A
i1528,r08,1,A
i1528,r01,1,A
i1529,r01,0,B
i1529,r08,1,B
i1529,r11,1,B
i1530,r09,1,A
i1530,r05,0,A
i1530,r02,0,A
i1531,r01,0,A
i1531,r09,0,A
i1531,r08,0,A
i1532,r10,0,A
i1532,r05,0,A
i1532,r07,0,A
i1533,r08,0,A
i1533,r01,1,A
i1533,r07,1,A
i1534,r01,1,B
i1534,r09,0,B
i1534,r10,0,B
i1535,r04,0,A
i1535,r01,0,A
i1535,r11,0,A
i1536,r07,0,A
i1536,r08,0,A
i1536,r02,0,A
i1537,r07,1,A
i1537,r02,1,A
i1537,r09,1,A
i1538,r03,0,A
i1538,r06,1,A
i1538,r09,0,A
i1539,r04,0,B
i1539,r10,0,B
i1539,r01,1,B
i1540,r06,1,B
i1540,r11,0,B
i1540,r02,0,B
i1541,r05,0,B
i1541,r06,1,B
i1541,r08,0,B
i1542,r02,0,B
i1542,r09,1,B
i1542,r06,1,B
i1543,r07,0,B
i1543,r09,1,B
i1543,r01,1,B
i1544,r07,0,A
i1544,r03,0,A
i1544,r02,1,A
i1545,r01,1,A
i1545,r04,1,A
i1545,r05,1,A
i1546,r03,1,A
i1546,r06,1,A
i1546,r04,1,A
i1547,r06,0,A
i1547,r01,0,A
i1547,r04,0,A
i1548,r09,0,B
i1548,r01,1,B
i1548,r10,0,B
i1549,r09,1,B
i1549,r11,1,B
i1549,r07,1,B
i1550,r04,0,A
i1550,r10,0,A
i1550,r05,0,A
i1551,r06,0,A
i1551,r10,0,A
i1551,r07,0,A
i1552,r03,0,A
i1552,r06,0,A
i1552,r11,0,A
i1553,r04,1,A
i1553,r07,1,A
i1553,r09,1,A
i1554,r01,0,A
i1554,r11,1,A
i1554,r05,1,A
i1555,r10,0,B
i1555,r05,0,B
i1555,r04,0,B
i1556,r01,1,A
i1556,r05,1,A
i1556,r11,1,A
i1557,r06,1,A
i1557,r04,1,A
i1557,r01,1,A
i1558,r09,0,A
i1558,r01,0,A
i1558,r06,1,A
i1559,r11,0,B
i1559,r02,0,B
i1559,r06,0,B
i1560,r07,1,A
i1560,r03,1,A
i1560,r08,1,A
i1561,r04,1,A
i1561,r05,1,A
i1561,r11,1,A
i1562,r04,0,A
i1562,r08,0,A
i1562,r05,0,A
i1563,r08,1,A
i1563,r09,1,A
i1563,r02,1,A
i1564,r05,1,A
i1564,r04,1,A
i1564,r11,0,A
i1565,r04,0,A
i1565,r10,0,A
i1565,r02,0,A
i1566,r06,1,A
i1566,r09,1,A
i1566,r07,1,A
i1567,r06,1,A
i1567,r10,1,A
i1567,r08,1,A
i1568,r03,1,A
i1568,r04,1,A
i1568,r05,1,A
i1569,r05,1,A
i1569,r01,1,A
i1569,r06,0,A
i1570,r09,0,A
i1570,r11,0,A
i1570,r10,0,A
i1571,r07,1,A
i1571,r10,1,A
i1571,r01,1,A
i1572,r04,1,A
i1572,r01,1,A
i1572,r08,1,A
i1573,r06,0,A
i1573,r04,0,A
i1573,r08,0,A
i1574,r03,1,B
i1574,r06,1,B
i1574,r11,1,B
i1575,r03,0,B
i1575,r07,0,B
i1575,r04,1,B
i1576,r07,1,A
i1576,r08,1,A
i1576,r03,1,A
i1577,r08,0,A
i1577,r04,0,A
i1577,r05,0,A
i1578,r02,0,A
i1578,r11,0,A
i1578,r08,0,A
i1579,r09,1,A
i1579,r08,0,A
i1579,r02,0,A
i1580,r08,0,A
i1580,r04,1,A
i1580,r09,1,A
i1581,r07,1,A
i1581,r01,1,A
i1581,r02,1,A
i1582,r09,1,A
i1582,r05,1,A
i1582,r03,1,A
i1583,r04,1,A
i1583,r02,1,A
i1583,r05,1,A
i1584,r11,0,A
i1584,r02,0,A
i1584,r03,0,A
i1585,r07,1,B
i1585,r08,0,B
i1585,r09,0,B
i1586,r04,1,A
i1586,r03,0,A
i1586,r02,0,A
i1587,r03,0,A
i1587,r09,0,A
i1587,r07,0,A
i1588,r04,1,B
i1588,r05,1,B
i1588,r09,1,B
i1589,r10,0,A
i1589,r11,0,A
i1589,r07,0,A
i1590,r03,0,A
i1590,r04,0,A
i1590,r07,0,A
i1591,r02,1,A
i1591,r06,1,A
i1591,r05,1,A
i1592,r05,1,B
i1592,r04,0,B
i1592,r08,0,B
i1593,r01,1,B
i1593,r09,0,B
i1593,r02,1,B
i1594,r02,0,A
i1594,r01,0,A
i1594,r11,0,A
i1595,r02,0,A
i1595,r11,0,A
i1595,r04,0,A
i1596,r11,1,A
i1596,r05,1,A
i1596,r04,1,A
i1597,r09,0,A
i1597,r08,0,A
i1597,r04,0,A
i1598,r02,0,B
i1598,r06,1,B
i1598,r08,1,B
i1599,r02,0,A
i1599,r04,0,A
i1599,r05,1,A
i1600,r03,1,A
i1600,r07,1,A
i1600,r05,1,A
i1601,r04,1,A
i1601,r05,1,A
i1601,r07,1,A
i1602,r10,1,B
i1602,r09,1,B
i1602,r06,1,B
i1603,r01,0,B
i1603,r11,0,B
i1603,r05,0,B
i1604,r06,1,A
i1604,r09,1,A
i1604,r05,1,A
i1605,r03,1,A
i1605,r07,1,A
i1605,r01,1,A
i1606,r03,1,B
i1606,r09,0,B
i1606,r01,0,B
i1607,r05,1,A
i1607,r11,1,A
i1607,r03,1,A
i1608,r08,0,A
i1608,r02,0,A
i1608,r03,0,A
i1609,r02,0,A
i1609,r05,0,A
i1609,r07,0,A
i1610,r08,0,A
i1610,r09,0,A
i1610,r04,0,A
i1611,r03,1,A
i1611,r02,1,A
i1611,r06,1,A
i1612,r10,0,A
i1612,r07,0,A
i1612,r11,0,A
i1613,r02,0,A
i1613,r04,0,A
i1613,r11,0,A
i1614,r06,0,A
i1614,r03,0,A
i1614,r10,0,A
i1615,r04,1,B
i1615,r02,1,B
i1615,r01,1,B
i1616,r08,0,A
i1616,r09,0,A
i1616,r07,0,A
i1617,r10,0,A
i1617,r09,0,A
i1617,r01,0,A
i1618,r09,0,A
i1618,r08,0,A
i1618,r02,1,A
i1619,r09,1,A
i1619,r10,1,A
i1619,r06,1,A
i1620,r06,1,A
i1620,r05,0,A
i1620,r07,0,A
i1621,r09,0,A
i1621,r01,0,A
i1621,r05,0,A
i1622,r03,1,A
i1622,r08,1,A
i1622,r07,1,A
i1623,r05,1,A
i1623,r06,1,A
i1623,r03,1,A
i1624,r07,1,A
i1624,r11,1,A
i1624,r08,1,A
i1625,r04,1,B
i1625,r11,1,B
i1625,r07,1,B
i1626,r05,1,A
i1626,r08,0,A
i1626,r11,1,A
i1627,r02,0,A
i1627,r10,0,A
i1627,r08,0,A
i1628,r07,1,A
i1628,r03,1,A
i1628,r10,1,A
i1629,r11,1,B
i1629,r06,1,B
i1629,r08,1,B
i1630,r08,1,A
i1630,r01,1,A
i1630,r05,1,A
i1631,r05,0,B
i1631,r07,0,B
i1631,r11,0,B
i1632,r11,1,A
i1632,r09,1,A
i1632,r10,1,A
i1633,r07,1,A
i1633,r04,1,A
i1633,r11,1,A
i1634,r07,1,A
i1634,r02,1,A
i1634,r05,1,A
i1635,r10,0,B
i1635,r08,0,B
i1635,r04,0,B
i1636,r09,0,A
i1636,r07,0,A
i1636,r05,0,A
i1637,r03,1,A
i1637,r04,1,A
i1637,r09,1,A
i1638,r05,0,B
i1638,r10,0,B
i1638,r11,0,B
i1639,r04,1,B
i1639,r02,1,B
i1639,r03,0,B
i1640,r04,0,A
i1640,r07,0,A
i1640,r03,0,A
i1641,r09,1,A
i1641,r02,0,A
i1641,r05,1,A
i1642,r01,1,B
i1642,r11,1,B
i1642,r04,1,B
i1643,r06,1,A
i1643,r04,1,A
i1643,r02,1,A
i1644,r07,0,A
i1644,r01,0,A
i1644,r06,0,A
i1645,r10,0,A
i1645,r09,0,A
i1645,r08,0,A
i1646,r11,1,A
i1646,r04,1,A
i1646,r03,1,A
i1647,r03,1,A
i1647,r10,1,A
i1647,r04,1,A
i1648,r02,0,B
i1648,r08,1,B
i1648,r03,1,B
i1649,r09,1,A
i1649,r01,1,A
i1649,r04,1,A
i1650,r06,0,A
i1650,r10,0,A
i1650,r03,0,A
i1651,r07,1,A
i1651,r11,1,A
i1651,r08,1,A
i1652,r04,0,B
i1652,r06,0,B
i1652,r07,0,B
i1653,r02,0,A
i1653,r01,0,A
i1653,r04,0,A
i1654,r10,1,A
i1654,r02,1,A
i1654,r08,1,A
i1655,r10,1,A
i1655,r06,1,A
i1655,r03,0,A
i1656,r06,0,A
i1656,r10,0,A
i1656,r03,0,A
i1657,r09,0,A
i1657,r06,0,A
i1657,r08,0,A
i1658,r01,0,A
i1658,r11,0,A
i1658,r02,0,A
i1659,r04,0,B
i1659,r09,0,B
i1659,r06,0,B
i1660,r10,1,A
i1660,r08,1,A
i1660,r03,1,A
i1661,r05,1,A
i1661,r03,1,A
i1661,r02,0,A
i1662,r02,0,A
i1662,r07,0,A
i1662,r10,0,A
i1663,r10,1,A
i1663,r05,1,A
i1663,r09,1,A
i1664,r11,0,B
i1664,r05,1,B
i1664,r06,0,B
i1665,r05,0,A
i1665,r09,0,A
i1665,r10,0,A
i1666,r06,1,B
i1666,r10,1,B
i1666,r01,0,B
i1667,r02,1,B
i1667,r03,0,B
i1667,r07,1,B
i1668,r07,1,A
i1668,r01,0,A
i1668,r02,0,A
i1669,r04,0,A
i1669,r01,0,A
i1669,r06,0,A
i1670,r09,1,A
i1670,r01,1,A
i1670,r07,1,A
i1671,r01,0,A
i1671,r09,0,A
i1671,r11,0,A
i1672,r09,0,B
i1672,r04,0,B
i1672,r01,1,B
i1673,r10,1,A
i1673,r08,1,A
i1673,r11,1,A
i1674,r03,1,A
i1674,r02,1,A
i1674,r11,1,A
i1675,r02,0,B
i1675,r03,1,B
i1675,r10,0,B
i1676,r07,1,A
i1676,r02,1,A
i1676,r01,1,A
i1677,r08,0,A
i1677,r03,0,A
i1677,r02,0,A
i1678,r05,0,B
i1678,r08,0,B
i1678,r06,0,B
i1679,r06,1,A
i1679,r01,1,A
i1679,r05,1,A
i1680,r07,0,A
i1680,r04,0,A
i1680,r03,0,A
i1681,r09,0,A
i1681,r08,0,A
i1681,r07,0,A
i1682,r06,1,A
i1682,r05,1,A
i1682,r04,1,A
i1683,r05,0,B
i1683,r06,0,B
i1683,r08,0,B
i1684,r03,1,B
i1684,r05,1,B
i1684,r11,1,B
i1685,r08,0,A
i1685,r01,0,A
i1685,r11,0,A
i1686,r07,1,A
i1686,r05,1,A
i1686,r02,1,A
i1687,r06,1,A
i1687,r05,1,A
i1687,r08,1,A
i1688,r09,1,A
i1688,r04,0,A
i1688,r07,1,A
i1689,r11,0,A
i1689,r02,0,A
i1689,r08,0,A
i1690,r05,1,B
i1690,r09,1,B
i1690,r10,1,B
i1691,r05,1,A
i1691,r11,1,A
i1691,r08,1,A
i1692,r01,0,A
i1692,r10,0,A
i1692,r02,0,A
i1693,r10,0,A
i1693,r08,0,A
i1693,r07,0,A
i1694,r08,0,B
i1694,r09,1,B
i1694,r04,0,B
i1695,r06,1,B
i1695,r01,0,B
i1695,r09,0,B
i1696,r10,0,A
i1696,r06,0,A
i1696,r07,0,A
i1697,r04,0,A
i1697,r11,0,A
i1697,r01,0,A
i1698,r06,0,B
i1698,r11,0,B
i1698,r03,1,B
i1699,r06,0,A
i1699,r07,0,A
i1699,r05,1,A
i1700,r06,1,B
i1700,r05,1,B
i1700,r07,1,B
i1701,r04,1,A
i1701,r08,1,A
i1701,r07,1,A
i1702,r09,1,B
i1702,r03,1,B
i1702,r11,0,B
i1703,r10,1,A
i1703,r01,1,A
i1703,r02,1,A
i1704,r07,0,B
i1704,r01,0,B
i1704,r08,1,B
i1705,r02,1,A
i1705,r03,1,A
i1705,r06,1,A
i1706,r02,0,A
i1706,r09,0,A
i1706,r06,0,A
i1707,r09,1,A
i1707,r02,1,A
i1707,r01,1,A
i1708,r01,1,B
i1708,r09,0,B
i1708,r04,0,B
i1709,r09,0,A
i1709,r04,0,A
i1709,r08,0,A
i1710,r05,1,A
i1710,r11,1,A
i1710,r01,1,A
i1711,r04,1,A
i1711,r10,0,A
i1711,r08,0,A
i1712,r04,1,A
i1712,r11,1,A
i1712,r08,1,A
i1713,r06,1,A
i1713,r11,1,A
i1713,r01,1,A
i1714,r01,0,A
i1714,r04,1,A
i1714,r10,0,A
i1715,r09,1,A
i1715,r02,0,A
i1715,r08,1,A
i1716,r04,0,A
i1716,r07,0,A
i1716,r03,0,A
i1717,r03,1,A
i1717,r06,1,A
i1717,r05,1,A
i1718,r07,1,B
i1718,r04,1,B
i1718,r06,0,B
i1719,r08,0,A
i1719,r10,0,A
i1719,r09,0,A
i1720,r03,0,A
i1720,r08,0,A
i1720,r10,0,A
i1721,r07,0,B
i1721,r06,0,B
i1721,r02,1,B
i1722,r04,1,A
i1722,r10,1,A
i1722,r08,1,A
i1723,r05,1,B
i1723,r04,1,B
i1723,r11,1,B
i1724,r03,0,B
i1724,r08,0,B
i1724,r02,1,B
i1725,r07,1,A
i1725,r11,1,A
i1725,r10,1,A
i1726,r02,0,A
i1726,r01,0,A
i1726,r08,1,A
i1727,r10,0,B
i1727,r02,0,B
i1727,r07,0,B
i1728,r02,1,A
i1728,r06,0,A
i1728,r05,1,A
i1729,r11,1,A
i1729,r08,1,A
i1729,r04,1,A
i1730,r04,1,A
i1730,r10,1,A
i1730,r01,0,A
i1731,r09,1,A
i1731,r02,1,A
i1731,r10,1,A
i1732,r08,1,A
i1732,r05,1,A
i1732,r06,1,A
i1733,r01,0,A
i1733,r08,0,A
i1733,r05,0,A
i1734,r03,0,A
i1734,r04,0,A
i1734,r01,0,A
i1735,r03,1,A
i1735,r09,1,A
i1735,r11,1,A
i1736,r07,0,B
i1736,r04,0,B
i1736,r09,0,B
i1737,r10,0,A
i1737,r01,0,A
i1737,r11,0,A
i1738,r03,0,B
i1738,r10,0,B
i1738,r07,0,B
i1739,r06,1,B
i1739,r03,0,B
i1739,r11,1,B
i1740,r05,0,A
i1740,r09,0,A
i1740,r02,0,A
i1741,r07,0,A
i1741,r03,0,A
i1741,r09,0,A
i1742,r07,0,A
i1742,r02,0,A
i1742,r06,0,A
i1743,r10,1,A
i1743,r02,1,A
i1743,r11,1,A
i1744,r01,1,A
i1744,r06,1,A
i1744,r04,1,A
i1745,r06,0,A
i1745,r07,0,A
i1745,r03,0,A
i1746,r10,0,B
i1746,r11,0,B
i1746,r01,0,B
i1747,r01,1,A
i1747,r04,1,A
i1747,r10,1,A
i1748,r03,0,B
i1748,r05,0,B
i1748,r01,0,B
i1749,r08,0,A
i1749,r03,0,A
i1749,r02,0,A
i1750,r02,0,A
i1750,r06,0,A
i1750,r04,0,A
i1751,r09,0,A
i1751,r01,0,A
i1751,r02,0,A
i1752,r05,0,A
i1752,r10,1,A
i1752,r08,0,A
i1753,r09,0,A
i1753,r03,0,A
i1753,r10,0,A
i1754,r11,0,B
i1754,r08,0,B
i1754,r03,0,B
i1755,r05,1,B
i1755,r02,0,B
i1755,r09,0,B
i1756,r08,1,A
i1756,r03,1,A
i1756,r04,1,A
i1757,r10,0,B
i1757,r03,0,B
i1757,r02,0,B
i1758,r08,0,A
i1758,r10,0,A
i1758,r03,0,A
i1759,r04,0,B
i1759,r01,0,B
i1759,r02,1,B
i1760,r02,1,A
i1760,r09,0,A
i1760,r01,1,A
i1761,r08,1,B
i1761,r05,1,B
i1761,r07,1,B
i1762,r07,0,B
i1762,r06,1,B
i1762,r02,0,B
i1763,r04,0,A
i1763,r01,0,A
i1763,r05,0,A
i1764,r05,1,B
i1764,r01,1,B
i1764,r04,1,B
i1765,r01,1,A
i1765,r05,1,A
i1765,r03,1,A
i1766,r08,1,A
i1766,r09,1,A
i1766,r11,1,A
i1767,r05,0,A
i1767,r06,0,A
i1767,r08,0,A
i1768,r04,1,A
i1768,r10,1,A
i1768,r11,1,A
i1769,r08,1,A
i1769,r11,1,A
i1769,r06,1,A
i1770,r02,0,A
i1770,r10,1,A
i1770,r06,1,A
i1771,r08,0,A
i1771,r06,0,A
i1771,r01,0,A
i1772,r10,0,A
i1772,r03,0,A
i1772,r05,0,A
i1773,r03,0,A
i1773,r02,0,A
i1773,r07,0,A
i1774,r02,1,A
i1774,r06,1,A
i1774,r08,1,A
i1775,r08,0,A
i1775,r02,0,A
i1775,r11,0,A
i1776,r09,1,A
i1776,r01,1,A
i1776,r08,1,A
i1777,r04,0,A
i1777,r10,0,A
i1777,r03,0,A
i1778,r01,1,B
i1778,r05,1,B
i1778,r08,1,B
i1779,r06,1,A
i1779,r11,1,A
i1779,r05,1,A
i1780,r08,0,A
i1780,r09,1,A
i1780,r02,1,A
i1781,r08,0,B
i1781,r05,0,B
i1781,r01,0,B
i1782,r07,1,A
i1782,r02,1,A
i1782,r06,1,A
i1783,r05,0,A
i1783,r03,0,A
i1783,r10,0,A
i1784,r02,1,A
i1784,r06,1,A
i1784,r01,1,A
i1785,r04,0,A
i1785,r02,0,A
i1785,r06,0,A
i1786,r08,0,B
i1786,r01,0,B
i1786,r05,0,B
i1787,r07,1,B
i1787,r04,1,B
i1787,r03,1,B
i1788,r06,0,A
i1788,r02,0,A
i1788,r11,1,A
i1789,r07,0,A
i1789,r02,1,A
i1789,r01,1,A
i1790,r09,1,B
i1790,r02,1,B
i1790,r06,1,B
i1791,r10,0,A
i1791,r08,0,A
i1791,r07,0,A
i1792,r10,1,A
i1792,r05,1,A
i1792,r07,1,A
i1793,r05,0,B
i1793,r01,0,B
i1793,r02,1,B
i1794,r07,1,A
i1794,r03,1,A
i1794,r01,1,A
i1795,r04,0,A
i1795,r06,0,A
i1795,r03,0,A
i1796,r03,0,B
i1796,r07,0,B
i1796,r09,0,B
i1797,r10,0,A
i1797,r02,1,A
i1797,r03,1,A
i1798,r02,0,A
i1798,r10,0,A
i1798,r03,0,A
i1799,r08,0,B
i1799,r04,0,B
i1799,r01,0,B
i1800,r03,1,A
i1800,r10,1,A
i1800,r07,1,A
i1801,r08,1,A
i1801,r09,1,A
i1801,r01,0,A
i1802,r10,0,A
i1802,r08,0,A
i1802,r02,0,A
i1803,r07,0,A
i1803,r01,0,A
i1803,r02,0,A
i1804,r06,1,A
i1804,r01,1,A
i1804,r08,1,A
i1805,r06,0,B
i1805,r08,0,B
i1805,r03,0,B
i1806,r02,1,A
i1806,r01,1,A
i1806,r11,1,A
i1807,r05,1,B
i1807,r09,0,B
i1807,r02,0,B
i1808,r03,0,A
i1808,r08,0,A
i1808,r06,0,A
i1809,r01,0,A
i1809,r05,0,A
i1809,r03,0,A
i1810,r09,1,A
i1810,r07,1,A
i1810,r11,1,A
i1811,r03,1,A
i1811,r05,1,A
i1811,r11,1,A
i1812,r03,0,A
i1812,r02,0,A
i1812,r01,0,A
i1813,r07,1,A
i1813,r02,1,A
i1813,r06,1,A
i1814,r02,0,A
i1814,r11,0,A
i1814,r07,0,A
i1815,r10,0,A
i1815,r01,0,A
i1815,r04,0,A
i1816,r01,1,A
i1816,r08,1,A
i1816,r06,1,A
i1817,r04,0,A
i1817,r03,0,A
i1817,r10,0,A
i1818,r02,0,A
i1818,r08,0,A
i1818,r04,0,A
i1819,r09,0,A
i1819,r04,0,A
i1819,r06,0,A
i1820,r09,1,A
i1820,r05,1,A
i1820,r08,1,A
i1821,r11,1,B
i1821,r09,1,B
i1821,r10,1,B
i1822,r05,0,A
i1822,r09,0,A
i1822,r06,1,A
i1823,r07,1,A
i1823,r03,1,A
i1823,r06,1,A
i1824,r05,1,A
i1824,r11,0,A
i1824,r04,1,A
i1825,r02,0,A
i1825,r07,0,A
i1825,r04,0,A
i1826,r02,1,A
i1826,r01,1,A
i1826,r06,1,A
i1827,r01,0,A
i1827,r02,0,A
i1827,r11,0,A
i1828,r07,0,A
i1828,r09,0,A
i1828,r08,0,A
i1829,r02,1,A
i1829,r09,0,A
i1829,r10,0,A
i1830,r07,0,B
i1830,r02,0,B
i1830,r09,0,B
i1831,r11,0,B
i1831,r05,0,B
i1831,r04,0,B
i1832,r05,0,A
i1832,r08,0,A
i1832,r03,0,A
i1833,r04,1,A
i1833,r01,0,A
i1833,r09,0,A
i1834,r04,1,A
i1834,r01,1,A
i1834,r07,1,A
i1835,r02,0,B
i1835,r05,0,B
i1835,r11,0,B
i1836,r05,1,A
i1836,r01,1,A
i1836,r08,1,A
i1837,r06,0,B
i1837,r03,0,B
i1837,r08,0,B
i1838,r07,0,A
i1838,r06,0,A
i1838,r08,0,A
i1839,r10,1,A
i1839,r02,1,A
i1839,r07,1,A
i1840,r05,1,A
i1840,r04,1,A
i1840,r01,1,A
i1841,r09,1,A
i1841,r07,1,A
i1841,r03,1,A
i1842,r10,1,A
i1842,r03,1,A
i1842,r01,1,A
i1843,r01,0,A
i1843,r09,0,A
i1843,r02,0,A
i1844,r07,1,A
i1844,r02,1,A
i1844,r10,1,A
i1845,r02,0,A
i1845,r09,1,A
i1845,r04,0,A
i1846,r02,1,A
i1846,r07,1,A
i1846,r04,1,A
i1847,r11,1,A
i1847,r01,1,A
i1847,r04,1,A
i1848,r07,1,A
i1848,r06,1,A
i1848,r10,1,A
i1849,r04,1,A
i1849,r06,1,A
i1849,r01,1,A
i1850,r08,0,A
i1850,r09,0,A
i1850,r01,0,A
i1851,r04,1,A
i1851,r08,1,A
i1851,r09,1,A
i1852,r04,0,A
i1852,r06,0,A
i1852,r11,0,A
i1853,r03,0,A
i1853,r07,0,A
i1853,r06,0,A
i1854,r11,1,A
i1854,r06,1,A
i1854,r05,0,A
i1855,r06,0,A
i1855,r02,0,A
i1855,r05,0,A
i1856,r04,0,A
i1856,r02,1,A
i1856,r11,1,A
i1857,r10,0,B
i1857,r06,0,B
i1857,r01,1,B
i1858,r03,1,A
i1858,r01,1,A
i1858,r11,1,A
i1859,r10,1,A
i1859,r02,1,A
i1859,r08,1,A
i1860,r01,1,B
i1860,r03,1,B
i1860,r08,0,B
i1861,r06,1,A
i1861,r11,1,A
i1861,r03,1,A
i1862,r03,1,A
i1862,r09,1,A
i1862,r06,1,A
i1863,r10,1,B
i1863,r02,1,B
i1863,r07,1,B
i1864,r07,1,A
i1864,r08,1,A
i1864,r02,1,A
i1865,r11,1,A
i1865,r06,1,A
i1865,r08,1,A
i1866,r07,0,A
i1866,r10,0,A
i1866,r06,0,A
i1867,r11,1,A
i1867,r02,1,A
i1867,r04,1,A
i1868,r04,1,A
i1868,r03,1,A
i1868,r01,1,A
i1869,r08,0,B
i1869,r06,1,B
i1869,r09,1,B
i1870,r08,0,A
i1870,r04,0,A
i1870,r02,0,A
i1871,r05,0,A
i1871,r04,0,A
i1871,r07,1,A
i1872,r01,1,A
i1872,r07,1,A
i1872,r02,1,A
i1873,r11,0,A
i1873,r06,0,A
i1873,r01,0,A
i1874,r06,0,A
i1874,r01,0,A
i1874,r04,0,A
i1875,r01,0,A
i1875,r09,0,A
i1875,r06,0,A
i1876,r04,0,A
i1876,r06,0,A
i1876,r02,1,A
i1877,r04,1,A
i1877,r07,1,A
i1877,r10,1,A
i1878,r02,0,A
i1878,r11,1,A
i1878,r10,1,A
i1879,r10,0,B
i1879,r04,0,B
i1879,r08,0,B
i1880,r01,0,B
i1880,r07,1,B
i1880,r10,1,B
i1881,r02,1,A
i1881,r04,1,A
i1881,r01,1,A
i1882,r05,0,B
i1882,r03,0,B
i1882,r09,1,B
i1883,r04,1,A
i1883,r11,1,A
i1883,r02,1,A
i1884,r10,0,A
i1884,r08,0,A
i1884,r06,0,A
i1885,r04,0,A
i1885,r01,0,A
i1885,r10,0,A
i1886,r02,0,A
i1886,r11,0,A
i1886,r07,0,A
i1887,r08,0,A
i1887,r01,0,A
i1887,r09,0,A
i1888,r01,1,A
i1888,r06,1,A
i1888,r08,1,A
i1889,r08,0,A
i1889,r09,0,A
i1889,r07,0,A
i1890,r04,1,A
i1890,r02,1,A
i1890,r08,1,A
i1891,r06,1,A
i1891,r11,1,A
i1891,r08,1,A
i1892,r06,1,A
i1892,r07,1,A
i1892,r09,0,A
i1893,r07,1,A
i1893,r01,1,A
i1893,r10,1,A
i1894,r05,0,A
i1894,r04,1,A
i1894,r03,0,A
i1895,r11,1,A
i1895,r02,1,A
i1895,r04,1,A
i1896,r04,0,A
i1896,r11,0,A
i1896,r02,1,A
i1897,r07,0,B
i1897,r09,0,B
i1897,r06,0,B
i1898,r08,0,A
i1898,r07,0,A
i1898,r04,0,A
i1899,r08,0,A
i1899,r02,0,A
i1899,r06,0,A
i1900,r09,0,B
i1900,r04,1,B
i1900,r08,0,B
i1901,r02,1,A
i1901,r05,1,A
i1901,r08,1,A
i1902,r02,0,A
i1902,r10,0,A
i1902,r06,0,A
i1903,r02,1,A
i1903,r01,1,A
i1903,r03,1,A
i1904,r01,1,A
i1904,r08,1,A
i1904,r10,1,A
i1905,r07,0,B
i1905,r01,1,B
i1905,r03,1,B
i1906,r03,1,A
i1906,r04,1,A
i1906,r06,1,A
i1907,r09,0,A
i1907,r11,0,A
i1907,r01,1,A
i1908,r11,0,A
i1908,r03,0,A
i1908,r06,0,A
i1909,r10,0,A
i1909,r04,0,A
i1909,r07,0,A
i1910,r02,1,A
i1910,r07,1,A
i1910,r04,1,A
i1911,r07,1,A
i1911,r04,1,A
i1911,r11,1,A
i1912,r08,1,A
i1912,r07,1,A
i1912,r04,1,A
i1913,r05,1,A
i1913,r02,1,A
i1913,r06,1,A
i1914,r08,1,A
i1914,r01,1,A
i1914,r07,1,A
i1915,r09,1,A
i1915,r05,1,A
i1915,r07,1,A
i1916,r06,0,A
i1916,r08,0,A
i1916,r03,0,A
i1917,r07,0,A
i1917,r08,0,A
i1917,r02,0,A
i1918,r01,0,B
i1918,r09,1,B
i1918,r04,0,B
i1919,r02,0,A
i1919,r03,0,A
i1919,r06,0,A
i1920,r04,0,A
i1920,r10,0,A
i1920,r06,0,A
i1921,r08,0,A
i1921,r02,0,A
i1921,r11,1,A
i1922,r07,1,A
i1922,r08,1,A
i1922,r01,1,A
i1923,r03,0,A
i1923,r11,0,A
i1923,r05,0,A
i1924,r06,1,A
i1924,r02,1,A
i1924,r07,1,A
i1925,r03,0,B
i1925,r05,1,B
i1925,r10,0,B
i1926,r10,0,A
i1926,r05,0,A
i1926,r09,0,A
i1927,r06,1,A
i1927,r11,1,A
i1927,r02,1,A
i1928,r02,0,A
i1928,r08,0,A
i1928,r11,1,A
i1929,r04,0,A
i1929,r11,0,A
i1929,r01,0,A
i1930,r04,0,A
i1930,r11,0,A
i1930,r09,0,A
i1931,r10,0,B
i1931,r02,0,B
i1931,r07,0,B
i1932,r04,0,A
i1932,r07,0,A
i1932,r05,0,A
i1933,r09,0,A
i1933,r01,1,A
i1933,r05,0,A
i1934,r05,0,A
i1934,r01,0,A
i1934,r08,1,A
i1935,r02,0,A
i1935,r06,1,A
i1935,r04,1,A
i1936,r08,1,A
i1936,r03,1,A
i1936,r01,1,A
i1937,r10,0,A
i1937,r06,0,A
i1937,r02,0,A
i1938,r02,0,A
i1938,r11,0,A
i1938,r08,0,A
i1939,r09,0,A
i1939,r03,1,A
i1939,r04,0,A
i1940,r01,0,A
i1940,r04,1,A
i1940,r06,1,A
i1941,r04,1,A
i1941,r06,1,A
i1941,r09,1,A
i1942,r05,1,A
i1942,r03,1,A
i1942,r09,1,A
i1943,r07,1,A
i1943,r01,1,A
i1943,r11,1,A
i1944,r05,1,A
i1944,r04,1,A
i1944,r06,1,A
i1945,r07,0,B
i1945,r10,0,B
i1945,r03,0,B
i1946,r05,1,B
i1946,r02,1,B
i1946,r10,1,B
i1947,r06,1,A
i1947,r08,1,A
i1947,r01,1,A
i1948,r09,0,A
i1948,r04,0,A
i1948,r10,0,A
i1949,r06,0,A
i1949,r05,0,A
i1949,r11,0,A
i1950,r07,1,A
i1950,r05,1,A
i1950,r01,1,A
i1951,r04,1,B
i1951,r05,1,B
i1951,r08,1,B
i1952,r10,1,A
i1952,r09,1,A
i1952,r08,1,A
i1953,r09,1,A
i1953,r10,1,A
i1953,r05,1,A
i1954,r10,0,B
i1954,r07,1,B
i1954,r08,0,B
i1955,r06,1,A
i1955,r04,1,A
i1955,r07,1,A
i1956,r10,1,A
i1956,r01,1,A
i1956,r07,1,A
i1957,r01,0,A
i1957,r09,0,A
i1957,r02,0,A
i1958,r07,1,A
i1958,r08,1,A
i1958,r11,1,A
i1959,r06,1,A
i1959,r07,1,A
i1959,r01,1,A
i1960,r09,1,A
i1960,r01,1,A
i1960,r11,1,A
i1961,r11,1,A
i1961,r03,1,A
i1961,r07,1,A
i1962,r10,0,B
i1962,r06,0,B
i1962,r01,0,B
i1963,r07,0,A
i1963,r03,0,A
i1963,r08,0,A
i1964,r02,0,B
i1964,r01,0,B
i1964,r04,0,B
i1965,r06,1,B
i1965,r01,1,B
i1965,r05,0,B
i1966,r01,1,A
i1966,r08,1,A
i1966,r10,1,A
i1967,r06,0,B
i1967,r09,0,B
i1967,r02,1,B
i1968,r10,0,A
i1968,r09,0,A
i1968,r05,0,A
i1969,r06,0,A
i1969,r01,0,A
i1969,r10,0,A
i1970,r09,1,A
i1970,r11,1,A
i1970,r04,1,A
i1971,r08,0,A
i1971,r04,0,A
i1971,r07,0,A
i1972,r08,1,A
i1972,r07,1,A
i1972,r11,1,A
i1973,r11,1,A
i1973,r06,1,A
i1973,r02,1,A
i1974,r04,1,A
i1974,r08,0,A
i1974,r09,0,A
i1975,r10,1,A
i1975,r05,0,A
i1975,r08,1,A
i1976,r11,0,A
i1976,r09,0,A
i1976,r01,0,A
i1977,r05,1,A
i1977,r09,1,A
i1977,r03,1,A
i1978,r07,0,A
i1978,r11,0,A
i1978,r08,1,A
i1979,r08,1,A
i1979,r06,1,A
i1979,r03,1,A
i1980,r02,1,A
i1980,r01,1,A
i1980,r04,1,A
i1981,r01,0,A
i1981,r10,0,A
i1981,r11,0,A
i1982,r09,0,A
i1982,r10,0,A
i1982,r03,0,A
i1983,r04,0,A
i1983,r03,0,A
i1983,r10,0,A
i1984,r11,1,A
i1984,r07,1,A
i1984,r04,1,A
i1985,r11,1,B
i1985,r06,1,B
i1985,r02,0,B
i1986,r08,1,B
i1986,r02,0,B
i1986,r10,1,B
i1987,r07,1,B
i1987,r11,0,B
i1987,r08,0,B
i1988,r07,0,A
i1988,r10,0,A
i1988,r04,1,A
i1989,r01,0,A
i1989,r09,0,A
i1989,r04,0,A
i1990,r05,0,B
i1990,r04,0,B
i1990,r06,0,B
i1991,r05,1,A
i1991,r07,1,A
i1991,r03,1,A
i1992,r10,1,A
i1992,r09,0,A
i1992,r07,0,A
i1993,r11,1,A
i1993,r02,1,A
i1993,r05,1,A
i1994,r09,1,A
i1994,r08,1,A
i1994,r07,1,A
i1995,r05,0,A
i1995,r08,0,A
i1995,r03,0,A
i1996,r02,1,B
i1996,r08,0,B
i1996,r07,1,B
i1997,r09,0,A
i1997,r03,0,A
i1997,r02,0,A
i1998,r02,0,B
i1998,r06,0,B
i1998,r10,0,B
i1999,r11,0,B
i1999,r04,0,B
i1999,r07,0,B
c00,r01,0,A
c00,r02,0,A
c00,r03,1,A
c00,r04,0,A
c00,r05,0,A
c00,r06,0,A
c00,r07,0,A
c00,r08,0,A
c00,r09,0,A
c00,r10,0,A
c00,r11,1,A
c01,r01,1,A
c01,r02,0,A
c01,r03,0,A
c01,r04,0,A
c01,r05,1,A
c01,r06,0,A
c01,r07,0,A
c01,r08,0,A
c01,r09,0,A
c01,r10,0,A
c01,r11,1,A
c02,r01,0,A
c02,r02,1,A
c02,r03,0,A
c02,r04,0,A
c02,r05,0,A
c02,r06,0,A
c02,r07,0,A
c02,r08,0,A
c02,r09,0,A
c02,r10,0,A
c02,r11,1,A
c03,r01,1,A
c03,r02,1,A
c03,r03,1,A
c03,r04,1,A
c03,r05,1,A
c03,r06,1,A
c03,r07,1,A
c03,r08,1,A
c03,r09,0,A
c03,r10,1,A
c03,r11,0,A
c04,r01,1,A
c04,r02,1,A
c04,r03,1,A
c04,r04,1,A
c04,r05,1,A
c04,r06,1,A
c04,r07,1,A
c04,r08,1,A
c04,r09,1,A
c04,r10,1,A
c04,r11,1,A
c05,r01,0,A
c05,r02,0,A
c05,r03,1,A
c05,r04,0,A
c05,r05,0,A
c05,r06,1,A
c05,r07,0,A
c05,r08,0,A
c05,r09,0,A
c05,r10,0,A
c05,r11,1,A
c06,r01,1,A
c06,r02,1,A
c06,r03,1,A
c06,r04,1,A
c06,r05,1,A
c06,r06,1,A
c06,r07,1,A
c06,r08,1,A
c06,r09,1,A
c06,r10,1,A
c06,r11,1,A
c07,r01,1,A
c07,r02,0,A
c07,r03,0,A
c07,r04,0,A
c07,r05,0,A
c07,r06,1,A
c07,r07,0,A
c07,r08,0,A
c07,r09,1,A
c07,r10,0,A
c07,r11,0,A
c08,r01,1,A
c08,r02,0,A
c08,r03,0,A
c08,r04,0,A
c08,r05,1,A
c08,r06,0,A
c08,r07,0,A
c08,r08,0,A
c08,r09,0,A
c08,r10,0,A
c08,r11,1,A
c09,r01,0,A
c09,r02,0,A
c09,r03,0,A
c09,r04,0,A
c09,r05,1,A
c09,r06,0,A
c09,r07,0,A
c09,r08,0,A
c09,r09,0,A
c09,r10,0,A
c09,r11,0,A
c10,r01,0,A
c10,r02,0,A
c10,r03,0,A
c10,r04,1,A
c10,r05,0,A
c10,r06,0,A
c10,r07,0,A
c10,r08,0,A
c10,r09,1,A
c10,r10,0,A
c10,r11,1,A
c11,r01,1,A
c11,r02,1,A
c11,r03,1,A
c11,r04,1,A
c11,r05,1,A
c11,r06,1,A
c11,r07,1,A
c11,r08,1,A
c11,r09,1,A
c11,r10,1,A
c11,r11,1,A
c12,r01,0,A
c12,r02,1,A
c12,r03,0,A
c12,r04,0,A
c12,r05,0,A
c12,r06,0,A
c12,r07,0,A
c12,r08,1,A
c12,r09,0,A
c12,r10,0,A
c12,r11,0,A
c13,r01,1,A
c13,r02,1,A
c13,r03,1,A
c13,r04,0,A
c13,r05,1,A
c13,r06,1,A
c13,r07,1,A
c13,r08,1,A
c13,r09,1,A
c13,r10,1,A
c13,r11,0,A
c14,r01,0,A
c14,r02,0,A
c14,r03,0,A
c14,r04,0,A
c14,r05,0,A
c14,r06,0,A
c14,r07,0,A
c14,r08,1,A
c14,r09,0,A
c14,r10,1,A
c14,r11,1,A
c15,r01,1,A
c15,r02,0,A
c15,r03,0,A
c15,r04,0,A
c15,r05,0,A
c15,r06,1,A
c15,r07,0,A
c15,r08,0,A
c15,r09,0,A
c15,r10,0,A
c15,r11,1,A
c16,r01,0,A
c16,r02,0,A
c16,r03,0,A
c16,r04,0,A
c16,r05,0,A
c16,r06,0,A
c16,r07,0,A
c16,r08,1,A
c16,r09,1,A
c16,r10,0,A
c16,r11,1,A
c17,r01,0,A
c17,r02,0,A
c17,r03,0,A
c17,r04,0,A
c17,r05,1,A
c17,r06,0,A
c17,r07,1,A
c17,r08,0,A
c17,r09,1,A
c17,r10,0,A
c17,r11,1,A
c18,r01,0,A
c18,r02,0,A
c18,r03,0,A
c18,r04,0,A
c18,r05,0,A
c18,r06,1,A
c18,r07,0,A
c18,r08,0,A
c18,r09,0,A
c18,r10,0,A
c18,r11,1,A
c19,r01,1,A
c19,r02,1,A
c19,r03,1,A
c19,r04,0,A
c19,r05,0,A
c19,r06,1,A
c19,r07,1,A
c19,r08,1,A
c19,r09,1,A
c19,r10,1,A
c19,r11,1,A
c20,r01,0,A
c20,r02,1,A
c20,r03,1,A
c20,r04,1,A
c20,r05,1,A
c20,r06,1,A
c20,r07,1,A
c20,r08,1,A
c20,r09,1,A
c20,r10,1,A
c20,r11,0,A
c21,r01,0,A
c21,r02,1,A
c21,r03,0,A
c21,r04,0,A
c21,r05,0,A
c21,r06,0,A
c21,r07,0,A
c21,r08,0,A
c21,r09,0,A
c21,r10,0,A
c21,r11,1,A
c22,r01,0,A
c22,r02,0,A
c22,r03,0,A
c22,r04,0,A
c22,r05,0,A
c22,r06,1,A
c22,r07,0,A
c22,r08,1,A
c22,r09,1,A
c22,r10,0,A
c22,r11,1,A
c23,r01,0,A
c23,r02,0,A
c23,r03,0,A
c23,r04,0,A
c23,r05,0,A
c23,r06,0,A
c23,r07,0,A
c23,r08,0,A
c23,r09,0,A
c23,r10,0,A
c23,r11,0,A
c24,r01,0,A
c24,r02,0,A
c24,r03,0,A
c24,r04,0,A
c24,r05,0,A
c24,r06,1,A
c24,r07,0,A
c24,r08,0,A
c24,r09,0,A
c24,r10,0,A
c24,r11,0,A
c25,r01,1,A
c25,r02,1,A
c25,r03,1,A
c25,r04,0,A
c25,r05,1,A
c25,r06,1,A
c25,r07,1,A
c25,r08,1,A
c25,r09,1,A
c25,r10,1,A
c25,r11,0,A
c26,r01,0,A
c26,r02,0,A
c26,r03,0,A
c26,r04,0,A
c26,r05,0,A
c26,r06,0,A
c26,r07,0,A
c26,r08,0,A
c26,r09,0,A
c26,r10,1,A
c26,r11,0,A
c27,r01,1,A
c27,r02,1,A
c27,r03,1,A
c27,r04,1,A
c27,r05,1,A
c27,r06,1,A
c27,r07,0,A
c27,r08,1,A
c27,r09,1,A
c27,r10,1,A
c27,r11,0,A
c28,r01,0,A
c28,r02,0,A
c28,r03,0,A
c28,r04,1,A
c28,r05,1,A
c28,r06,0,A
c28,r07,0,A
c28,r08,0,A
c28,r09,1,A
c28,r10,0,A
c28,r11,0,A
c29,r01,0,A
c29,r02,0,A
c29,r03,0,A
c29,r04,1,A
c29,r05,0,A
c29,r06,0,A
c29,r07,0,A
c29,r08,0,A
c29,r09,0,A
c29,r10,0,A
c29,r11,1,A
