item,defect
i1157,0
i0439,0
i0561,1
i0919,0
i1586,0
i0519,0
i1667,0
i0085,0
i0004,0
i0165,0
i0609,0
i1579,0
i1577,0
i0391,0
i1818,0
i0617,0
i0070,0
i0109,0
i1400,0
i1716,0
i1331,0
i0665,1
i0134,0
i1151,0
i0264,0
i0957,0
i1340,0
i0290,0
i0824,0
i1645,0
i0872,0
i1441,0
i0810,0
i1184,0
i1455,0
i0789,0
i0584,1
i1735,0
i1643,0
i0547,0
i0767,0
i1187,0
i0402,1
i0333,0
i1803,0
i1651,0
i1396,0
i0573,0
i1815,0
i0413,0
i0288,0
i0891,0
i1217,0
i1419,0
i0773,0
i1724,1
i1286,0
i0124,1
i0065,1
i1437,0
i0779,1
i1690,0
i0758,0
i0736,0
i0158,0
i1886,0
i0790,0
i1521,1
i0381,0
i0943,1
i0958,0
i0114,0
i0415,0
i1583,0
i0245,0
i1775,0
i1266,0
i0593,0
i1221,0
i0586,0
i0248,0
i1110,1
i1091,0
i0424,1
i1282,0
i1302,0
i0180,0
i1454,0
i1283,0
i0078,0
i1746,0
i0326,1
i1238,0
i0017,0
i1038,0
i0394,0
i1660,0
i1661,1
